ID_HECHO,N_VICTIMAS,FECHA,HORA,TIPO_DE_CALLE,COMUNA,XY (CABA),LONGITUD,LATITUD,VEHICULO_ACUSADO
2016-0001,1,2016-01-01,4.0,AVENIDA,8.0,Point (98896.78238426 93532.43437792),-58.47533969,-34.68757022,AUTO
2016-0002,1,2016-01-02,1.0,GRAL PAZ,9.0,Point (95832.05571093 95505.41641999),-58.50877521,-34.66977709,PASAJEROS
2016-0003,1,2016-01-03,7.0,AVENIDA,1.0,Point (106684.29090040 99706.57687843),-58.39040293,-34.63189362,AUTO
2016-0004,1,2016-01-10,0.0,AVENIDA,8.0,Point (99840.65224780 94269.16534422),-58.46503904,-34.68092974,
2016-0005,1,2016-01-21,5.0,AVENIDA,1.0,Point (106980.32827929 100752.16915795),-58.38718297,-34.6224663,PASAJEROS
2016-0008,1,2016-01-24,18.0,AVENIDA,8.0,Point (101721.59002217 93844.25656649),-58.44451316,-34.68475866,OBJETO FIJO
2016-0009,1,2016-01-24,19.0,CALLE,11.0,Point (96545.87592078 102330.67262199),-58.50095869,-34.6082544,AUTO
2016-0010,1,2016-01-29,15.0,GRAL PAZ,9.0,Point (95832.05571093 95505.41641999),-58.50877521,-34.66977709,AUTO
2016-0012,1,2016-02-08,1.0,AVENIDA,1.0,Point (107595.35084333 101797.50052813),-58.38048577,-34.61303893,CARGAS
2016-0013,1,2016-02-10,11.0,AVENIDA,1.0,Point (106616.41069662 100496.44662323),-58.39114932,-34.62477387,AUTO
2016-0015,1,2016-02-14,5.0,AVENIDA,15.0,Point (102357.43746828 103343.52002839),-58.4376002,-34.59912758,AUTO
2016-0016,1,2016-02-14,22.0,AVENIDA,4.0,Point (108661.59115206 98481.75445555),-58.36882665,-34.64291993,AUTO
2016-0017,1,2016-02-15,16.0,AVENIDA,8.0,Point (101228.61094416 96623.72136186),-58.44989671,-34.65970435,MOTO
2016-0019,1,2016-02-17,9.0,CALLE,9.0,Point (95727.37083199 97179.35560349),-58.50990884,-34.65468721,PASAJEROS
2016-0020,1,2016-02-17,16.0,CALLE,1.0,Point (107684.31807562 102519.17333314),-58.37952223,-34.60653282,AUTO
2016-0021,1,2016-02-17,23.0,AVENIDA,7.0,Point (101074.94198885 99848.19369046),-58.45157703,-34.63063795,AUTO
2016-0022,1,2016-02-21,6.0,AVENIDA,1.0,Point (107507.39502374 102046.08333077),-58.38144696,-34.61079875,AUTO
2016-0025,1,2016-02-28,4.0,GRAL PAZ,8.0,Point (100077.95205948 91571.23307293),-58.46244952,-34.70524971,AUTO
2016-0026,1,2016-02-28,7.0,CALLE,12.0,Point (97350.75566590 109083.19420265),-58.49216191,-34.54738649,OBJETO FIJO
2016-0027,1,2016-02-28,9.0,AVENIDA,7.0,Point (101679.82794245 98973.02976850),-58.44497874,-34.63852623,AUTO
2016-0028,1,2016-03-02,10.0,AVENIDA,1.0,Point (107457.87314266 103212.28518029),-58.38199706,-34.60028648,CARGAS
2016-0029,1,2016-03-04,17.0,AVENIDA,12.0,Point (99037.31284333 109733.12041651),-58.47378664,-34.54153077,PASAJEROS
2016-0031,1,2016-03-08,12.0,GRAL PAZ,8.0,Point (99327.01838497 92326.91130631),-58.47064556,-34.69843756,PASAJEROS
2016-0034,1,2016-03-12,12.0,AVENIDA,4.0,Point (105230.98315750 97613.97258373),-58.40623949,-34.65076549,PASAJEROS
2016-0035,1,2016-03-13,6.0,AVENIDA,3.0,Point (106513.41423248 102752.75354401),-58.39228965,-34.60443527,PASAJEROS
2016-0036,1,2016-03-14,0.0,CALLE,4.0,Point (107808.84957181 99174.17105826),-58.37813396,-34.63668504,PASAJEROS
2016-0037,1,2016-03-19,11.0,AVENIDA,7.0,Point (100049.60313526 98412.21255444),-58.46275892,-34.64358293,MOTO
2016-0038,1,2016-03-21,8.0,GRAL PAZ,8.0,Point (96926.79887463 94490.76318635),-58.49683458,-34.67892743,PASAJEROS
2016-0039,1,2016-03-23,1.0,AVENIDA,3.0,Point (105252.60308563 102264.96028996),-58.40603217,-34.6088396,PASAJEROS
2016-0041,2,2016-03-29,11.0,AVENIDA,7.0,Point (100232.38564985 99530.25843190),-58.4607655,-34.63350444,CARGAS
2016-0043,1,2016-03-30,18.0,AVENIDA,8.0,Point (98623.04338909 94933.06478837),-58.47832463,-34.67494416,CARGAS
2016-0044,1,2016-03-31,19.0,AVENIDA,7.0,Point (102857.73817324 99148.76714504),-58.43213235,-34.63693953,MULTIPLE
2016-0045,1,2016-04-11,10.0,GRAL PAZ,13.0,Point (99620.34936816 110483.29286598),-58.46743471,-34.53476874,
2016-0047,1,2016-04-15,5.0,CALLE,1.0,Point (107412.19098904 100391.02557777),-58.38247061,-34.62571878,PASAJEROS
2016-0048,1,2016-04-15,17.0,AVENIDA,15.0,Point (101440.29935254 104167.40204334),-58.44759966,-34.5917024,PASAJEROS
2016-0049,1,2016-04-17,0.0,AUTOPISTA,4.0,,-58.37714647568196,-34.63657525428238,
2016-0050,1,2016-04-19,9.0,AVENIDA,8.0,Point (99106.14718950 93761.32882893),-58.47305463,-34.68550712,PASAJEROS
2016-0051,1,2016-04-20,4.0,AVENIDA,4.0,Point (105230.98315750 97613.97258373),-58.40623949,-34.65076549,CARGAS
2016-0052,1,2016-04-20,20.0,AUTOPISTA,13.0,,,,
2016-0053,1,2016-04-22,9.0,AVENIDA,12.0,Point (98073.80557770 105955.73972818),-58.4842918,-34.57558053,PASAJEROS
2016-0054,1,2016-04-23,21.0,AUTOPISTA,8.0,Point (97832.57143731 93489.83736533),-58.48695354,-34.68795245,MOTO
2016-0055,1,2016-04-25,20.0,AVENIDA,14.0,Point (105787.74102401 105502.98340149),-58.40021959,-34.57964781,CARGAS
2016-0056,1,2016-04-26,4.0,AVENIDA,14.0,Point (103094.06446966 105842.29634122),-58.42957885,-34.57660058,OBJETO FIJO
2016-0058,1,2016-05-04,14.0,CALLE,1.0,Point (107411.76356149 100408.31441284),-58.38247542,-34.62556293,MOTO
2016-0059,1,2016-05-08,16.0,CALLE,1.0,Point (107434.83290791 100217.70308007),-58.38222219,-34.62728101,PASAJEROS
2016-0064,1,2016-05-14,18.0,AVENIDA,10.0,Point (97106.70264812 99970.19547024),-58.49485242,-34.62953445,PASAJEROS
2016-0065,1,2016-05-20,14.0,AVENIDA,6.0,Point (101010.75965434 102062.18185970),-58.45227946,-34.61068024,AUTO
2016-0067,1,2016-05-21,17.0,AVENIDA,8.0,Point (98052.13008621 94912.60873025),-58.48455411,-34.6751276,PASAJEROS
2016-0068,1,2016-05-22,22.0,AVENIDA,2.0,Point (106673.12856878 104998.99234220),-58.39056593,-34.58418569,PASAJEROS
2016-0069,1,2016-05-23,3.0,AVENIDA,3.0,Point (106612.54991859 100244.75667446),-58.39118948,-34.62704273,CARGAS
2016-0073,1,2016-06-11,15.0,CALLE,10.0,Point (97531.24792840 101000.15957301),-58.49021952,-34.62025108,CARGAS
2016-0074,1,2016-06-12,6.0,GRAL PAZ,8.0,Point (96731.44252651 94668.88351657),-58.49896559,-34.67732118,AUTO
2016-0075,1,2016-06-12,23.0,AUTOPISTA,8.0,Point (98963.32962830 95620.61360192),-58.47461076,-34.66874679,AUTO
2016-0076,1,2016-06-13,16.0,AVENIDA,15.0,Point (100109.22264405 102851.86942760),-58.46210891,-34.60356211,PASAJEROS
2016-0077,1,2016-06-13,21.0,AVENIDA,1.0,Point (108532.37320501 102648.40418720),-58.3702777,-34.60536123,PASAJEROS
2016-0078,1,2016-06-13,23.0,AVENIDA,3.0,Point (105354.74322032 101621.63182427),-58.40491455,-34.6146383,MOTO
2016-0079,1,2016-06-16,17.0,AVENIDA,13.0,Point (100757.94817512 108943.96108781),-58.45504154,-34.54864492,AUTO
2016-0080,1,2016-06-18,6.0,GRAL PAZ,9.0,Point (93950.50587297 98883.37644525),-58.52927982,-34.63931752,
2016-0081,1,2016-06-22,7.0,AVENIDA,12.0,Point (97805.54034401 107789.89169078),-58.4872106,-34.55904606,AUTO
2016-0082,1,2016-06-27,18.0,AVENIDA,4.0,Point (103719.51591058 98555.13443768),-58.42273092,-34.64228803,AUTO
2016-0083,1,2016-06-28,20.0,AVENIDA,6.0,Point (101413.41644585 100430.31523295),-58.44788671,-34.62539009,MOTO
2016-0084,1,2016-06-29,22.0,CALLE,1.0,Point (107539.54864414 103093.65031518),-58.38110563,-34.60135531,PASAJEROS
2016-0085,1,2016-06-29,22.0,AVENIDA,4.0,Point (103621.92252760 96885.28433165),-58.42378834,-34.657341,OTRO
2016-0086,1,2016-06-30,16.0,AVENIDA,10.0,Point (97801.31825511 99194.93911759),-58.48727942,-34.63652467,PASAJEROS
2016-0087,1,2016-07-02,0.0,AUTOPISTA,1.0,Point (107762.62066736 100018.90176187),-58.37864583,-34.62907067,OBJETO FIJO
2016-0088,1,2016-07-11,15.0,CALLE,12.0,Point (96492.89040317 106832.19475660),-58.5015175,-34.56767549,AUTO
2016-0089,1,2016-07-14,6.0,AUTOPISTA,13.0,Point (102842.06561704 108587.10659007),-58.43233425,-34.55185825,AUTO
2016-0090,1,2016-07-14,22.0,AVENIDA,5.0,Point (103997.04813615 102012.34139150),-58.41971993,-34.6111224,PASAJEROS
2016-0092,1,2016-07-15,11.0,GRAL PAZ,13.0,Point (99620.34936816 110483.29286598),-58.46743471,-34.53476874,CARGAS
2016-0093,1,2016-07-17,3.0,AVENIDA,6.0,Point (101804.61714036 100693.45218194),-58.44362126,-34.62301748,AUTO
2016-0095,1,2016-07-23,6.0,AVENIDA,11.0,Point (95061.77375682 103748.74085597),-58.51713095,-34.59546519,AUTO
2016-0096,1,2016-07-25,7.0,AUTOPISTA,8.0,,-58.47433193007387,-34.66684950051973,CARGAS
2016-0097,1,2016-07-26,18.0,CALLE,1.0,Point (106687.13301820 101510.97040757),-58.39038605,-34.6156281,AUTO
2016-0098,1,2016-07-27,16.0,AVENIDA,3.0,Point (105765.97394356 100631.47718024),-58.40042405,-34.62356174,CARGAS
2016-0099,1,2016-07-29,16.0,GRAL PAZ,11.0,Point (94486.28631712 103468.59928582),-58.52340614,-34.59798754,CARGAS
2016-0100,1,2016-08-03,23.0,GRAL PAZ,12.0,Point (97098.48468623 109019.96106626),-58.49491054,-34.54795581,OBJETO FIJO
2016-0101,1,2016-08-07,19.0,GRAL PAZ,9.0,Point (93946.81673714 97681.68907836),-58.52932872,-34.65014993,
2016-0102,1,2016-08-10,23.0,AVENIDA,9.0,Point (96625.80612216 95129.90776954),-58.50011639,-34.67316502,CARGAS
2016-0104,1,2016-08-14,21.0,AVENIDA,9.0,Point (99720.41444035 97007.69579491),-58.46635001,-34.65624369,PASAJEROS
2016-0105,1,2016-08-17,0.0,AVENIDA,15.0,Point (100905.28580812 104982.19279501),-58.45343236,-34.58435809,PASAJEROS
2016-0106,1,2016-08-19,21.0,AVENIDA,1.0,Point (107558.64146875 104433.48706482),-58.38090932,-34.58927731,PASAJEROS
2016-0107,1,2016-08-20,8.0,AUTOPISTA,4.0,Point (108408.31858686 97219.56218484),-58.37157668,-34.65429986,AUTO
2016-0109,1,2016-08-24,5.0,AUTOPISTA,9.0,Point (94544.31344300 99185.28796442),-58.52280139,-34.63659934,OBJETO FIJO
2016-0110,1,2016-08-24,20.0,AVENIDA,9.0,Point (95506.35959227 96696.89655626),-58.51232237,-34.6590353,
2016-0111,1,2016-08-25,9.0,AUTOPISTA,15.0,Point (98961.36262767 105838.76329094),-58.47461905,-34.57663634,CARGAS
2016-0112,1,2016-08-27,4.0,AUTOPISTA,1.0,Point (107392.50226602 100712.59265582),-58.38268809,-34.62282019,OBJETO FIJO
2016-0113,1,2016-08-27,16.0,AVENIDA,9.0,Point (96998.81124177 98183.20743664),-58.49603546,-34.64564271,PASAJEROS
2016-0114,1,2016-08-31,11.0,CALLE,14.0,Point (104111.05146856 103917.57944765),-58.41848605,-34.59394733,CARGAS
2016-0115,1,2016-09-02,11.0,CALLE,12.0,Point (97608.87024259 108884.67029908),-58.48935041,-34.54917673,CARGAS
2016-0116,1,2016-09-02,20.0,AVENIDA,8.0,Point (101721.59002217 93844.25656649),-58.44451316,-34.68475866,AUTO
2016-0117,1,2016-09-03,15.0,AVENIDA,14.0,Point (105865.95849347 105162.71037105),-58.39936478,-34.58271474,AUTO
2016-0118,1,2016-09-04,3.0,AUTOPISTA,1.0,Point (107696.68171812 100254.76268710),-58.37936704,-34.62694503,AUTO
2016-0119,1,2016-09-04,6.0,AVENIDA,12.0,Point (96944.69676081 107291.52292157),-58.49659234,-34.56353635,
2016-0122,1,2016-09-13,7.0,AVENIDA,9.0,Point (99150.75069529 97484.46650280),-58.47256391,-34.65194557,PASAJEROS
2016-0123,1,2016-09-14,9.0,AVENIDA,7.0,Point (101099.34592952 98750.07827754),-58.45130953,-34.64053676,AUTO
2016-0124,1,2016-09-16,15.0,AVENIDA,7.0,Point (100053.89791316 100046.73776995),-58.46271207,-34.62884871,PASAJEROS
2016-0125,1,2016-09-17,12.0,AUTOPISTA,10.0,Point (97532.91184699 98538.89061454),-58.49020869,-34.64243791,MOTO
2016-0126,2,2016-09-18,22.0,CALLE,10.0,Point (94275.54271123 100886.87954649),-58.52572109,-34.62125906,CARGAS
2016-0127,1,2016-09-24,10.0,AVENIDA,8.0,Point (102048.72946345 95839.63478990),-58.44094791,-34.66677111,PASAJEROS
2016-0128,1,2016-10-02,11.0,AVENIDA,5.0,Point (104049.28528337 99858.37522846),-58.41914024,-34.6305389,PASAJEROS
2016-0130,1,2016-10-04,12.0,AUTOPISTA,1.0,Point (107720.24059557 100176.85101454),-58.37910942,-34.62764717,CARGAS
2016-0131,1,2016-10-09,19.0,CALLE,4.0,Point (105921.45515383 98209.53178328),-58.39871183,-34.64539318,AUTO
2016-0132,1,2016-10-10,2.0,AVENIDA,3.0,Point (104853.84131654 100497.93573387),-58.41036975,-34.62477021,PASAJEROS
2016-0133,1,2016-10-14,0.0,AVENIDA,14.0,Point (105619.82089682 105083.85914124),-58.40204698,-34.5834269,AUTO
2016-0134,1,2016-10-23,5.0,AVENIDA,8.0,Point (97612.37609226 94761.81268260),-58.48935287,-34.67648597,OBJETO FIJO
2016-0135,1,2016-10-24,5.0,AVENIDA,14.0,Point (103734.76257993 107235.78328415),-58.42260225,-34.56403694,
2016-0136,1,2016-10-25,0.0,AUTOPISTA,4.0,,,,CARGAS
2016-0137,1,2016-10-25,0.0,AVENIDA,11.0,Point (95222.93546397 104315.24453153),-58.51537091,-34.59035925,MOTO
2016-0138,1,2016-10-27,20.0,AVENIDA,13.0,Point (100385.69739031 107770.04028070),-58.4590967,-34.55922742,CARGAS
2016-0139,1,2016-10-28,23.0,AVENIDA,14.0,Point (103965.45958231 107084.94812768),-58.42008769,-34.56539579,MOTO
2016-0140,1,2016-10-31,2.0,AVENIDA,13.0,Point (100700.71684791 107520.92282315),-58.45566399,-34.56147293,PASAJEROS
2016-0142,1,2016-11-05,23.0,AVENIDA,1.0,Point (108069.68986814 104046.20018024),-58.37533517,-34.59276462,PASAJEROS
2016-0143,1,2016-11-06,4.0,AVENIDA,8.0,Point (101721.59002217 93844.25656649),-58.44451316,-34.68475866,
2016-0144,1,2016-11-07,12.0,AVENIDA,4.0,Point (109494.82838112 99532.69117874),-58.35975012,-34.63343907,PASAJEROS
2016-0145,1,2016-11-07,20.0,AVENIDA,13.0,Point (101657.76119068 107735.39237736),-58.44523595,-34.55953855,AUTO
2016-0146,1,2016-11-09,20.0,AVENIDA,4.0,Point (106147.25140863 99876.44981079),-58.39626094,-34.63036565,PASAJEROS
2016-0147,1,2016-11-16,21.0,AVENIDA,1.0,Point (106817.01972475 101248.18030272),-58.38896772,-34.61799615,PASAJEROS
2016-0148,1,2016-11-16,22.0,AVENIDA,15.0,Point (99810.88349598 103818.87868694),-58.46536113,-34.59484504,MOTO
2016-0150,1,2016-11-18,18.0,AVENIDA,4.0,Point (104996.91619776 97395.92929535),-58.40879146,-34.65273216,CARGAS
2016-0151,1,2016-11-18,20.0,CALLE,0.0,,,,
2016-0152,1,2016-11-23,21.0,AVENIDA,7.0,Point (99888.30162107 97709.27452060),-58.46451841,-34.64991946,AUTO
2016-0153,1,2016-11-25,15.0,AVENIDA,15.0,Point (103130.82393478 103817.27945358),-58.4291709,-34.59485488,MOTO
2016-0154,1,2016-11-26,14.0,GRAL PAZ,8.0,Point (97546.12845734 94093.36420523),-58.49007772,-34.68251141,MOTO
2016-0155,1,2016-11-26,16.0,CALLE,10.0,Point (94107.02905618 100169.73297345),-58.52756365,-34.62772274,AUTO
2016-0156,1,2016-11-26,19.0,AVENIDA,3.0,Point (105219.14271583 101089.92439911),-58.40638983,-34.61943202,PASAJEROS
2016-0157,1,2016-12-03,6.0,AVENIDA,11.0,Point (98856.51878317 101315.60184716),-58.47576807,-34.61740997,MOTO
2016-0159,1,2016-12-04,7.0,AVENIDA,8.0,Point (101721.59002217 93844.25656649),-58.44451316,-34.68475866,
2016-0160,1,2016-12-06,5.0,AUTOPISTA,9.0,Point (94867.91408532 99212.26216105),-58.51927194,-34.63635787,OBJETO FIJO
2016-0161,1,2016-12-06,7.0,AVENIDA,14.0,Point (103490.75904616 105613.31878847),-58.42525456,-34.57866344,PASAJEROS
2016-0162,1,2016-12-07,5.0,AVENIDA,15.0,Point (100856.34310085 104890.83521057),-58.45396573,-34.58518167,AUTO
2016-0163,1,2016-12-10,7.0,GRAL PAZ,11.0,Point (94486.28631712 103468.59928582),-58.52340614,-34.59798754,AUTO
2016-0164,1,2016-12-11,6.0,AVENIDA,4.0,Point (103673.23003122 98676.84527702),-58.42323628,-34.64119105,AUTO
2016-0165,1,2016-12-12,8.0,AVENIDA,4.0,Point (108623.21898604 100090.41541188),-58.36926144,-34.62841919,PASAJEROS
2016-0168,1,2016-12-13,10.0,AVENIDA,4.0,Point (103673.23003122 98676.84527702),-58.42323628,-34.64119105,AUTO
2016-0169,1,2016-12-15,15.0,AVENIDA,12.0,Point (98526.50846677 108043.08552265),-58.47935434,-34.55676497,PASAJEROS
2016-0170,1,2016-12-19,17.0,GRAL PAZ,12.0,Point (96082.96647324 107261.96873833),-58.50598256,-34.5637998,AUTO
2016-0171,1,2016-12-25,19.0,AUTOPISTA,1.0,Point (108916.48040002 100856.88142642),-58.36607137,-34.62150748,MOTO
2016-0172,1,2016-12-26,8.0,AVENIDA,5.0,Point (104044.75501725 99724.84699960),-58.41918902,-34.63174259,CARGAS
2016-0173,1,2016-12-26,19.0,AVENIDA,7.0,Point (99615.63172945 99306.93173343),-58.46749188,-34.63551751,CARGAS
2016-0174,1,2016-12-27,0.0,AUTOPISTA,0.0,,,,
2016-0175,1,2016-12-27,8.0,CALLE,7.0,Point (100243.74197213 99962.81893983),-58.46064174,-34.62960517,BICICLETA
2016-0176,1,2016-12-28,1.0,AVENIDA,1.0,Point (108597.31948169 101875.41306445),-58.36956186,-34.61232875,PASAJEROS
2016-0177,1,2016-12-29,4.0,CALLE,14.0,Point (104920.46334566 104589.99681258),-58.40966671,-34.58788235,AUTO
2016-0178,1,2016-12-30,16.0,CALLE,3.0,Point (105541.07964363 101532.48653010),-58.40288226,-34.61544091,MULTIPLE
2017-0001,1,2017-01-02,1.0,AVENIDA,11.0,Point (99757.62471161 102105.99371863),-58.4659423,-34.61028571,CARGAS
2017-0003,1,2017-01-05,3.0,AVENIDA,4.0,Point (106759.07058844 98352.11326541),-58.38957669,-34.64410277,CARGAS
2017-0007,1,2017-01-11,17.0,CALLE,1.0,Point (107491.43483173 101547.26343171),-58.3816166,-34.61529543,MULTIPLE
2017-0008,1,2017-01-16,0.0,CALLE,14.0,Point (102213.80136590 104917.03799721),-58.43917004,-34.58494351,PASAJEROS
2017-0009,1,2017-01-16,13.0,AUTOPISTA,5.0,Point (104341.1368196 100202.74363294),-58.41595919,-34.62743346,CARGAS
2017-0010,1,2017-01-16,16.0,AVENIDA,6.0,Point (102535.57417570 100108.76675064),-58.4356488,-34.62828656,AUTO
2017-0011,1,2017-01-22,2.0,GRAL PAZ,12.0,Point (96563.66494817 108815.73881056),-58.5007381,-34.5497951,OBJETO FIJO
2017-0012,1,2017-01-24,14.0,CALLE,4.0,Point (104914.66823035 97637.72796868),-58.40969005,-34.6505529,CARGAS
2017-0013,1,2017-01-27,7.0,AVENIDA,4.0,Point (106744.80812193 97588.11558612),-58.38972622,-34.65098981,CARGAS
2017-0014,1,2017-01-28,8.0,AVENIDA,12.0,Point (97378.59173196 108741.41437861),-58.49185972,-34.55046754,MULTIPLE
2017-0015,1,2017-02-02,15.0,AVENIDA,2.0,Point (106454.66355436 103285.14730222),-58.39293417,-34.59963642,AUTO
2017-0016,1,2017-02-03,5.0,AUTOPISTA,1.0,Point (107547.76713701 100705.57738660),-58.38099494,-34.62288231,CARGAS
2017-0017,1,2017-02-06,8.0,AVENIDA,14.0,Point (103145.91571023 105359.30690018),-58.429012,-34.58095431,AUTO
2017-0018,1,2017-02-09,7.0,GRAL PAZ,9.0,Point (95832.05571093 95505.41641999),-58.50877521,-34.66977709,AUTO
2017-0021,1,2017-02-18,5.0,CALLE,1.0,Point (107308.24054153 102678.45528316),-58.38362373,-34.60509972,PASAJEROS
2017-0024,1,2017-02-23,20.0,AVENIDA,7.0,Point (99762.20699423 99968.05446003),-58.46589308,-34.62955795,PASAJEROS
2017-0025,1,2017-02-24,17.0,AVENIDA,7.0,Point (102489.38230491 97228.94942016),-58.43614426,-34.6542464,
2017-0026,2,2017-02-26,5.0,AVENIDA,4.0,Point (104113.67806500 97722.68219304),-58.41842777,-34.64979057,OBJETO FIJO
2017-0027,1,2017-02-26,21.0,AVENIDA,1.0,Point (107333.53318866 99701.77552382),-58.38332245,-34.6319325,AUTO
2017-0028,1,2017-02-28,9.0,AVENIDA,6.0,Point (100783.70757056 101919.87125456),-58.45475488,-34.61196327,AUTO
2017-0029,1,2017-03-07,2.0,CALLE,9.0,Point (98009.35575364 97985.81952007),-58.48501341,-34.64742455,AUTO
2017-0030,1,2017-03-07,8.0,AVENIDA,9.0,Point (99375.77435905 96732.87189547),-58.47010988,-34.65872088,PASAJEROS
2017-0031,1,2017-03-11,1.0,CALLE,3.0,Point (104889.75647602 100057.93817815),-58.4099756,-34.62873635,OBJETO FIJO
2017-0032,1,2017-03-12,5.0,GRAL PAZ,8.0,Point (97652.09135282 93973.55833508),-58.48892175,-34.68359163,AUTO
2017-0033,1,2017-03-12,7.0,GRAL PAZ,11.0,Point (94371.21426086 102884.21739121),-58.52466448,-34.60325478,AUTO
2017-0034,1,2017-03-13,7.0,CALLE,14.0,Point (103464.34360929 105543.78205193),-58.42554218,-34.57929036,AUTO
2017-0035,3,2017-03-23,5.0,AVENIDA,1.0,Point (109583.11620052 102006.72069921),-58.35881506,-34.61113641,OBJETO FIJO
2017-0036,2,2017-03-29,18.0,GRAL PAZ,12.0,Point (95300.18060161 105287.23850698),-58.51452347,-34.58159762,PASAJEROS
2017-0037,1,2017-03-31,3.0,AVENIDA,1.0,Point (106817.01972475 101248.18030272),-58.38896772,-34.61799615,CARGAS
2017-0038,1,2017-04-01,19.0,AVENIDA,7.0,Point (101662.32423755 98406.44885071),-58.44516857,-34.64363363,AUTO
2017-0040,1,2017-04-03,9.0,AVENIDA,13.0,Point (102290.82648731 109281.08885461),-58.43834197,-34.54560369,MULTIPLE
2017-0041,1,2017-04-03,23.0,CALLE,7.0,Point (100774.70463767 99328.98632835),-58.45485084,-34.63531854,AUTO
2017-0042,1,2017-04-10,9.0,GRAL PAZ,14.0,,,,CARGAS
2017-0045,1,2017-04-14,6.0,CALLE,10.0,Point (94388.40460408 100522.78812728),-58.52449285,-34.62454175,OBJETO FIJO
2017-0047,1,2017-04-23,6.0,AVENIDA,8.0,Point (99648.31069819 95261.11808541),-58.46713742,-34.6719879,AUTO
2017-0049,1,2017-04-27,18.0,AVENIDA,8.0,Point (102273.01728657 97084.66236498),-58.43850413,-34.65554754,PASAJEROS
2017-0050,2,2017-04-28,11.0,AUTOPISTA,9.0,,,,CARGAS
2017-0051,1,2017-05-01,3.0,AUTOPISTA,7.0,,,,AUTO
2017-0052,1,2017-05-05,3.0,GRAL PAZ,8.0,Point (97173.99360188 94265.65054023),-58.49413799,-34.68095739,CARGAS
2017-0053,1,2017-05-05,20.0,CALLE,4.0,Point (108050.74089604 97335.15201103),-58.37547846,-34.65326075,CARGAS
2017-0054,1,2017-05-07,21.0,AVENIDA,15.0,Point (97843.76024114 104700.29820723),-58.48680218,-34.58689719,AUTO
2017-0055,1,2017-05-09,8.0,AVENIDA,12.0,Point (97032.68537217 105507.05805581),-58.49563989,-34.57962262,AUTO
2017-0058,1,2017-05-09,23.0,AVENIDA,1.0,Point (107271.27725903 103337.46347012),-58.38403232,-34.5991594,MOTO
2017-0059,1,2017-05-11,9.0,CALLE,1.0,Point (107433.79647713 100255.68319210),-58.38223382,-34.62693865,PASAJEROS
2017-0060,1,2017-05-13,7.0,AVENIDA,8.0,Point (100333.14201607 95123.00813458),-58.45966521,-34.67323292,OBJETO FIJO
2017-0061,1,2017-05-15,13.0,AVENIDA,2.0,Point (106445.10866138 103387.80115442),-58.39303911,-34.59871111,MOTO
2017-0062,1,2017-05-15,16.0,AVENIDA,10.0,Point (95477.60201436 99478.59069542),-58.51262106,-34.63395999,CARGAS
2017-0063,1,2017-05-17,10.0,AVENIDA,1.0,Point (107531.03549571 101417.11038758),-58.38118367,-34.61646839,PASAJEROS
2017-0064,1,2017-05-20,5.0,CALLE,1.0,Point (107958.58079244 102597.49225224),-58.37653284,-34.60582475,AUTO
2017-0065,1,2017-05-22,16.0,AVENIDA,4.0,Point (107903.91828587 98767.43091425),-58.37709334,-34.64035082,CARGAS
2017-0066,1,2017-05-22,18.0,AVENIDA,15.0,Point (100300.69930045 102792.78597597),-58.46002142,-34.60409469,PASAJEROS
2017-0067,1,2017-05-23,2.0,AVENIDA,6.0,Point (102703.30911569 100138.40769771),-58.4338197,-34.62801894,CARGAS
2017-0068,1,2017-05-27,19.0,AVENIDA,8.0,Point (102520.03961549 96105.29592085),-58.43580656,-34.66437532,OBJETO FIJO
2017-0069,1,2017-05-24,14.0,GRAL PAZ,9.0,Point (94644.00300729 96592.22735507),-58.52173071,-34.65997463,
2017-0070,1,2017-05-30,13.0,CALLE,11.0,Point (95907.08722675 103463.22327776),-58.50791763,-34.59804273,AUTO
2017-0072,1,2017-06-03,23.0,AVENIDA,12.0,Point (97389.59663507 105213.53381695),-58.49175088,-34.58226957,AUTO
2017-0073,1,2017-06-04,9.0,AVENIDA,3.0,Point (105089.38820014 102773.44772064),-58.40781467,-34.60425669,AUTO
2017-0074,1,2017-06-04,12.0,CALLE,9.0,Point (94281.31244858 99043.29027489),-58.52567073,-34.63787791,
2017-0075,1,2017-06-12,22.0,AVENIDA,1.0,Point (107498.83241886 102238.54924157),-58.381542,-34.60906385,MOTO
2017-0076,1,2017-06-13,14.0,AVENIDA,2.0,Point (107160.34141948 105678.38284277),-58.38526125,-34.5780581,CARGAS
2017-0077,1,2017-06-17,23.0,CALLE,14.0,Point (103115.59520137 104964.08461543),-58.42934104,-34.58451712,CARGAS
2017-0079,1,2017-06-19,16.0,CALLE,3.0,Point (105202.26736061 101269.73269565),-58.40657493,-34.61781124,CARGAS
2017-0080,1,2017-06-22,10.0,AVENIDA,9.0,Point (97070.50716478 98268.08001276),-58.49525314,-34.64487785,CARGAS
2017-0082,1,2017-06-25,22.0,AVENIDA,4.0,Point (106636.30041967 99991.34072603),-58.39092851,-34.62932696,AUTO
2017-0083,1,2017-07-04,0.0,AVENIDA,9.0,Point (96998.81124177 98183.20743664),-58.49603546,-34.64564271,CARGAS
2017-0084,1,2017-07-05,12.0,AVENIDA,2.0,Point (107180.90591568 104682.54945160),-58.38502878,-34.58703485,PASAJEROS
2017-0085,1,2017-07-07,14.0,AVENIDA,4.0,Point (108315.72323297 99748.45783960),-58.37261143,-34.63150425,PASAJEROS
2017-0086,1,2017-07-09,7.0,AVENIDA,9.0,Point (94914.28538682 98912.56901137),-58.51876802,-34.63905965,MOTO
2017-0087,1,2017-07-10,10.0,CALLE,3.0,Point (104800.65774098 101563.94663965),-58.41095567,-34.61516101,AUTO
2017-0088,1,2017-07-10,22.0,AVENIDA,1.0,Point (108741.48238670 100448.08502809),-58.36797542,-34.62519403,PASAJEROS
2017-0089,1,2017-07-13,12.0,CALLE,9.0,Point (95246.78684010 97935.32361317),-58.51514709,-34.64787051,AUTO
2017-0090,1,2017-07-15,5.0,GRAL PAZ,11.0,Point (94866.55993974 104164.40879727),-58.51925642,-34.59171721,AUTO
2017-0091,1,2017-07-15,13.0,GRAL PAZ,12.0,Point (97850.57417090 109546.39428377),-58.48671535,-34.54321216,
2017-0092,1,2017-07-24,22.0,AUTOPISTA,1.0,Point (107392.50226602 100712.59265582),-58.38268809,-34.62282019,AUTO
2017-0093,1,2017-07-25,16.0,AUTOPISTA,13.0,Point (102474.90818824 108830.74789029),-58.43633522,-34.54966288,AUTO
2017-0094,1,2017-07-27,8.0,CALLE,10.0,Point (94212.26181299 101286.25735606),-58.52640838,-34.61765855,CARGAS
2017-0095,1,2017-08-06,8.0,AVENIDA,14.0,Point (104068.94257873 103491.45652529),-58.41894306,-34.59778875,AUTO
2017-0096,1,2017-08-07,19.0,AVENIDA,13.0,Point (99608.90354249 108823.89449537),-58.46756026,-34.54972741,PASAJEROS
2017-0098,1,2017-08-08,12.0,CALLE,7.0,Point (100563.22594607 99771.56223988),-58.45715752,-34.63132912,AUTO
2017-0099,1,2017-08-17,19.0,AVENIDA,14.0,Point (103600.34605991 107446.36084135),-58.42406784,-34.56213916,AUTO
2017-0100,1,2017-08-21,7.0,CALLE,3.0,Point (106103.99852157 101567.67895783),-58.3967447,-34.61512051,OBJETO FIJO
2017-0101,1,2017-08-23,10.0,AVENIDA,13.0,Point (101644.77699748 106480.78805418),-58.44537508,-34.57084818,MULTIPLE
2017-0102,1,2017-08-24,1.0,AVENIDA,4.0,Point (105750.92237188 97579.79677541),-58.40056767,-34.6510708,CARGAS
2017-0104,1,2017-08-25,9.0,AVENIDA,1.0,Point (107538.91933237 101188.13128502),-58.38109568,-34.61853244,CARGAS
2017-0106,1,2017-08-31,19.0,CALLE,14.0,Point (103483.20578848 105425.94020024),-58.42533612,-34.58035258,PASAJEROS
2017-0107,1,2017-09-01,11.0,AVENIDA,13.0,Point (100245.64635241 109464.60244956),-58.46062311,-34.54395182,CARGAS
2017-0108,2,2017-09-02,4.0,GRAL PAZ,12.0,Point (97098.48468623 109019.96106626),-58.49491054,-34.54795581,AUTO
2017-0109,1,2017-09-04,21.0,AVENIDA,7.0,Point (99266.22533505 99180.83096967),-58.47130269,-34.63665402,AUTO
2017-0110,1,2017-09-06,14.0,AVENIDA,1.0,Point (108513.43549456 103032.95078343),-58.370488,-34.60189492,PASAJEROS
2017-0111,1,2017-09-07,18.0,CALLE,4.0,Point (103948.02389064 98549.15451723),-58.42023854,-34.6423411,CARGAS
2017-0112,2,2017-09-10,9.0,AUTOPISTA,7.0,Point (100479.14412395 98812.52258620),-58.45807401,-34.6399743,OBJETO FIJO
2017-0113,1,2017-09-11,6.0,AVENIDA,1.0,Point (107918.77617420 103716.42961253),-58.37697717,-34.59573848,PASAJEROS
2017-0114,1,2017-09-15,2.0,AVENIDA,2.0,Point (106632.70892338 104910.17381357),-58.3910058,-34.5849866,OBJETO FIJO
2017-0115,1,2017-09-19,18.0,AVENIDA,5.0,Point (103803.42869640 99818.79654291),-58.42182126,-34.63089661,BICICLETA
2017-0116,1,2017-09-20,22.0,GRAL PAZ,12.0,Point (95357.86744200 105380.41895972),-58.51389422,-34.58075791,OBJETO FIJO
2017-0118,1,2017-09-22,7.0,AVENIDA,4.0,Point (108016.39016447 97439.36817481),-58.37585415,-34.65232158,AUTO
2017-0120,1,2017-10-02,15.0,AUTOPISTA,9.0,Point (99113.17852207 96319.06728520),-58.47297505,-34.66245085,CARGAS
2017-0123,1,2017-10-10,1.0,AVENIDA,8.0,Point (99518.38660571 95241.63338177),-58.46855503,-34.67216349,AUTO
2017-0124,1,2017-10-12,14.0,CALLE,15.0,Point (101904.43474476 104150.89892205),-58.44254033,-34.59185043,PASAJEROS
2017-0125,1,2017-10-13,6.0,AVENIDA,8.0,Point (99732.19478660 94453.36361177),-58.46622247,-34.67926929,OBJETO FIJO
2017-0126,2,2017-10-14,6.0,AVENIDA,8.0,Point (98466.20276785 94207.42419155),-58.48003734,-34.68148508,OBJETO FIJO
2017-0127,1,2017-10-16,7.0,AVENIDA,2.0,Point (104713.04838502 103467.44528033),-58.41192137,-34.59800248,MOTO
2017-0128,1,2017-10-17,12.0,CALLE,6.0,Point (102105.12699179 101749.49668435),-58.44034689,-34.61349731,PASAJEROS
2017-0129,1,2017-10-26,19.0,AUTOPISTA,9.0,Point (99243.41866587 97782.67879316),-58.47155277,-34.64925746,PASAJEROS
2017-0130,1,2017-10-27,5.0,AVENIDA,15.0,Point (98575.30034704 103283.44421792),-58.47883099,-34.59967065,CARGAS
2017-0132,1,2017-10-30,14.0,AVENIDA,8.0,Point (99796.45945783 92847.91633262),-58.46552171,-34.6937413,PASAJEROS
2017-0134,1,2017-11-06,18.0,AVENIDA,8.0,Point (101915.86954232 95727.75538814),-58.4423972,-34.66777987,PASAJEROS
2017-0135,1,2017-11-07,12.0,AVENIDA,15.0,Point (99355.48397222 103660.98712619),-58.47032551,-34.59626814,CARGAS
2017-0136,1,2017-11-16,8.0,AVENIDA,4.0,Point (104127.10295709 97119.53980201),-58.41827843,-34.65522746,PASAJEROS
2017-0137,1,2017-11-17,11.0,AVENIDA,11.0,Point (95458.27090734 104045.28333021),-58.51280715,-34.59279388,CARGAS
2017-0138,1,2017-11-19,10.0,AVENIDA,7.0,Point (100065.47249269 98381.80497378),-58.46258582,-34.64385704,OBJETO FIJO
2017-0139,1,2017-11-19,22.0,AVENIDA,8.0,Point (101160.07257435 94368.23344193),-58.45064148,-34.68003614,OBJETO FIJO
2017-0140,1,2017-11-19,23.0,AUTOPISTA,4.0,,,,PASAJEROS
2017-0141,1,2017-11-23,19.0,AVENIDA,6.0,Point (103312.47684665 100458.27902411),-58.42717783,-34.62513374,PASAJEROS
2017-0143,1,2017-11-25,21.0,CALLE,11.0,Point (99897.24182072 102443.29154512),-58.46442001,-34.60724519,PASAJEROS
2017-0144,1,2017-11-26,6.0,GRAL PAZ,8.0,Point (99327.01838497 92326.91130631),-58.47064556,-34.69843756,OBJETO FIJO
2017-0145,1,2017-11-26,17.0,CALLE,5.0,Point (104266.88124229 101889.22080612),-58.41677733,-34.61223119,AUTO
2017-0147,1,2017-11-28,11.0,GRAL PAZ,9.0,Point (96405.76679348 94981.38013791),-58.5025179,-34.67450313,AUTO
2017-0148,1,2017-11-29,10.0,AVENIDA,3.0,Point (105155.42991407 100540.06938064),-58.40708125,-34.62438894,PASAJEROS
2017-0149,1,2017-11-30,12.0,AVENIDA,1.0,Point (108605.31247489 101604.53195530),-58.36947198,-34.61477051,PASAJEROS
2017-0150,1,2017-12-04,1.0,AVENIDA,9.0,Point (95589.03838155 98881.22999034),-58.51140889,-34.63934531,AUTO
2017-0151,1,2017-12-04,2.0,CALLE,4.0,Point (108130.20782757 97076.54120716),-58.37460912,-34.65559133,PASAJEROS
2017-0152,1,2017-12-06,17.0,CALLE,4.0,Point (104752.14395609 97617.14934540),-58.41146277,-34.65073916,PASAJEROS
2017-0153,2,2017-12-11,2.0,AVENIDA,6.0,Point (103186.65733155 101217.09689755),-58.42855267,-34.61829385,PASAJEROS
2017-0154,1,2017-12-11,9.0,AVENIDA,4.0,Point (106688.43418876 99459.27505947),-58.39035581,-34.63412287,PASAJEROS
2017-0155,1,2017-12-12,21.0,AVENIDA,7.0,Point (100674.98109200 100299.64949548),-58.45593915,-34.62656868,MOTO
2017-0157,1,2017-12-17,9.0,GRAL PAZ,9.0,Point (94007.62506099 98145.35456663),-58.52866211,-34.64597065,PASAJEROS
2017-0158,1,2017-12-18,21.0,GRAL PAZ,11.0,Point (94764.11350214 103903.32150283),-58.52037476,-34.59407024,AUTO
2017-0159,1,2017-12-20,4.0,AVENIDA,1.0,Point (106817.01972475 101248.18030272),-58.38896772,-34.61799615,AUTO
2017-0160,1,2017-12-22,13.0,AVENIDA,7.0,Point (99317.63492514 100172.19114010),-58.47074114,-34.62771756,MOTO
2017-0161,1,2017-12-26,15.0,AVENIDA,9.0,Point (98285.13000363 96624.14779705),-58.48200819,-34.65969965,AUTO
2018-0001,1,2018-01-01,22.0,AVENIDA,3.0,Point (106229.70400707 100696.43939679),-58.39536773,-34.62297346,MOTO
2018-0002,1,2018-01-03,16.0,CALLE,1.0,Point (108138.18410245 101140.78821350),-58.37456088,-34.61895467,PASAJEROS
2018-0003,1,2018-01-05,10.0,AVENIDA,15.0,Point (101348.13972450 102808.02053976),-58.44860217,-34.60395657,MULTIPLE
2018-0004,1,2018-01-09,9.0,AVENIDA,13.0,Point (100183.96103971 109533.84269558),-58.46129513,-34.54332766,MULTIPLE
2018-0005,1,2018-01-09,22.0,AVENIDA,1.0,Point (108641.50518777 101075.93727953),-58.36907201,-34.61953517,PASAJEROS
2018-0006,1,2018-01-10,21.0,CALLE,6.0,Point (102079.59903748 100474.45881577),-58.44062219,-34.62499107,PASAJEROS
2018-0007,1,2018-01-11,2.0,AUTOPISTA,9.0,Point (94340.14761734 99250.24722124),-58.52502765,-34.63601265,AUTO
2018-0008,1,2018-01-12,17.0,AVENIDA,1.0,Point (108868.80749430 101370.51785663),-58.36659655,-34.61687778,CARGAS
2018-0009,1,2018-01-14,2.0,AVENIDA,4.0,Point (108796.38792642 100177.06810505),-58.36737389,-34.62763661,MOTO
2018-0010,1,2018-01-18,5.0,CALLE,10.0,Point (96810.81688812 99875.56613013),-58.49807953,-34.63038658,CARGAS
2018-0011,1,2018-01-19,10.0,AVENIDA,2.0,Point (106639.47032605 104255.89970551),-58.39092703,-34.59088447,PASAJEROS
2018-0012,1,2018-01-26,13.0,CALLE,8.0,Point (99466.65991849 94317.70888094),-58.46912006,-34.68049201,PASAJEROS
2018-0013,1,2018-01-28,8.0,AVENIDA,12.0,Point (97860.62977748 106812.00802724),-58.48661286,-34.56786129,AUTO
2018-0014,1,2018-01-31,20.0,AVENIDA,7.0,Point (102067.32140821 97610.71255013),-58.44074927,-34.65080597,MOTO
2018-0015,2,2018-02-06,1.0,AVENIDA,4.0,Point (107053.47849253 98047.93724144),-58.38636298,-34.64684275,PASAJEROS
2018-0016,1,2018-02-15,10.0,AVENIDA,1.0,Point (108069.68986814 104046.20018024),-58.37533517,-34.59276462,CARGAS
2018-0017,1,2018-02-17,4.0,AVENIDA,7.0,Point (99418.67591727 99840.67619219),-58.46963952,-34.63070603,AUTO
2018-0018,1,2018-02-17,7.0,CALLE,4.0,Point (108363.47256437 98202.84498754),-58.37207554,-34.64543658,CARGAS
2018-0019,1,2018-02-17,12.0,AVENIDA,2.0,Point (106550.65433457 104158.41702434),-58.39189441,-34.59176378,PASAJEROS
2018-0020,1,2018-02-19,22.0,AUTOPISTA,8.0,Point (101207.19032483 96015.90575056),-58.45012957,-34.66518343,CARGAS
2018-0021,1,2018-02-22,10.0,AVENIDA,4.0,Point (105634.57202683 98201.36000813),-58.40184094,-34.64546845,PASAJEROS
2018-0022,1,2018-02-24,0.0,AVENIDA,4.0,Point (108149.86840397 98842.98534187),-58.37441153,-34.63966783,CARGAS
2018-0023,1,2018-02-24,6.0,CALLE,6.0,Point (102035.73876399 100936.73706899),-58.44110156,-34.62082399,AUTO
2018-0024,1,2018-02-28,23.0,AVENIDA,15.0,Point (99305.05235104 105657.19134383),-58.47087351,-34.57827342,CARGAS
2018-0025,1,2018-03-04,22.0,AVENIDA,7.0,Point (100337.26455822 100756.41076314),-58.4596221,-34.6224514,AUTO
2018-0026,2,2018-03-09,4.0,AVENIDA,4.0,Point (104283.01090451 97171.08656182),-58.41657793,-34.65476216,CARGAS
2018-0027,1,2018-03-11,23.0,CALLE,5.0,Point (104051.46146857 99117.09528964),-58.41911301,-34.63722107,MOTO
2018-0028,1,2018-03-13,15.0,AVENIDA,9.0,Point (99275.15851476 98531.15835355),-58.47120586,-34.64251042,CARGAS
2018-0029,1,2018-03-15,18.0,AVENIDA,11.0,Point (99001.33520474 100973.19474422),-58.47418944,-34.62049672,AUTO
2018-0030,1,2018-03-20,1.0,AVENIDA,15.0,Point (99641.71055660 105570.42188351),-58.46720441,-34.57905579,MOTO
2018-0031,1,2018-03-28,10.0,AVENIDA,11.0,Point (99468.64184992 101272.71412938),-58.46909362,-34.6177971,CARGAS
2018-0032,1,2018-04-02,13.0,AVENIDA,13.0,Point (101491.71965442 106698.43843791),-58.44704343,-34.5688864,PASAJEROS
2018-0033,1,2018-04-07,7.0,AVENIDA,10.0,Point (96143.57848535 100026.85558450),-58.50535541,-34.62902048,CARGAS
2018-0034,1,2018-04-11,18.0,AVENIDA,2.0,Point (105786.93203839 103775.29320399),-58.40021675,-34.59522198,PASAJEROS
2018-0035,1,2018-04-12,16.0,AVENIDA,7.0,Point (100003.66169818 100008.18099088),-58.46325991,-34.62919627,PASAJEROS
2018-0036,1,2018-04-13,23.0,AVENIDA,15.0,Point (97118.17245497 103585.17867883),-58.49471482,-34.59694755,AUTO
2018-0037,1,2018-04-18,18.0,AVENIDA,2.0,Point (105923.35790409 103271.83194351),-58.3987261,-34.59975962,CARGAS
2018-0038,2,2018-04-20,17.0,AVENIDA,1.0,Point (106840.31999667 102262.72809661),-58.38872177,-34.60885045,AUTO
2018-0039,1,2018-04-21,22.0,AUTOPISTA,14.0,,,,AUTO
2018-0040,1,2018-04-27,11.0,CALLE,13.0,Point (100590.76036525 106235.55299971),-58.45686132,-34.57305993,CARGAS
2018-0041,1,2018-04-27,13.0,AVENIDA,4.0,Point (103711.66698694 98495.65433114),-58.42281627,-34.64282424,PASAJEROS
2018-0042,1,2018-04-27,18.0,CALLE,4.0,Point (107026.83754260 98858.75172681),-58.38666024,-34.63953396,CARGAS
2018-0043,1,2018-04-28,6.0,AVENIDA,11.0,Point (97438.46582767 101907.03915052),-58.49122843,-34.61207587,AUTO
2018-0044,1,2018-04-28,9.0,AVENIDA,3.0,Point (105715.04318224 101174.58167004),-58.40098306,-34.61866627,AUTO
2018-0045,1,2018-04-30,7.0,AVENIDA,13.0,Point (100808.33159423 105557.81994917),-58.45448963,-34.5791692,CARGAS
2018-0046,1,2018-05-02,3.0,GRAL PAZ,9.0,Point (93950.50587297 98883.37644525),-58.52927982,-34.63931752,AUTO
2018-0047,1,2018-05-08,19.0,AVENIDA,15.0,Point (101440.29935254 104167.40204334),-58.44759966,-34.5917024,PASAJEROS
2018-0048,1,2018-05-09,10.0,AVENIDA,7.0,Point (99925.51296558 100002.14427355),-58.46411215,-34.62925068,PASAJEROS
2018-0049,1,2018-05-11,19.0,CALLE,13.0,Point (100107.11808300 108354.57023193),-58.4621322,-34.55395823,AUTO
2018-0050,1,2018-05-14,18.0,AVENIDA,13.0,Point (100606.16651489 107458.45493347),-58.45669422,-34.5620361,PASAJEROS
2018-0051,1,2018-05-15,21.0,CALLE,4.0,Point (109491.72835084 98425.60443682),-58.3597716,-34.64341878,AUTO
2018-0052,1,2018-05-18,20.0,AVENIDA,15.0,Point (96798.08806617 104278.02817622),-58.49820145,-34.59070093,PASAJEROS
2018-0053,1,2018-05-20,2.0,CALLE,3.0,Point (104834.84104085 103313.26202067),-58.4105928,-34.5993918,AUTO
2018-0054,1,2018-05-22,11.0,CALLE,12.0,Point (98495.84519532 106440.03052817),-58.47969138,-34.57121563,BICICLETA
2018-0055,1,2018-05-29,7.0,AVENIDA,3.0,Point (105482.77183741 101155.54165898),-58.40351561,-34.61883916,AUTO
2018-0056,1,2018-06-02,13.0,AVENIDA,9.0,Point (94825.31796080 98898.07278223),-58.51973844,-34.63918987,PASAJEROS
2018-0057,1,2018-06-03,3.0,CALLE,3.0,Point (106436.50690531 100845.32785530),-58.39311376,-34.62163006,PASAJEROS
2018-0058,1,2018-06-03,6.0,AVENIDA,15.0,Point (102567.54814228 104264.87527568),-58.43531242,-34.59082159,AUTO
2018-0059,1,2018-06-08,6.0,AVENIDA,5.0,Point (104724.05358972 99878.51159963),-58.41178165,-34.63035454,OTRO
2018-0060,1,2018-06-08,12.0,AVENIDA,1.0,Point (108513.43549456 103032.95078343),-58.370488,-34.60189492,PASAJEROS
2018-0061,1,2018-06-10,11.0,CALLE,3.0,Point (105911.62147898 101065.51501699),-58.39883882,-34.61964833,MOTO
2018-0062,1,2018-06-14,1.0,CALLE,6.0,Point (102035.73876399 100936.73706899),-58.44110156,-34.62082399,CARGAS
2018-0063,1,2018-06-16,21.0,AVENIDA,1.0,Point (108473.00357935 103295.64162815),-58.37093138,-34.59952725,PASAJEROS
2018-0064,1,2018-06-25,1.0,AVENIDA,7.0,Point (100435.26388900 98861.53271694),-58.45855262,-34.63953253,CARGAS
2018-0065,1,2018-06-26,17.0,CALLE,1.0,Point (107493.20906271 104038.93317074),-58.38161909,-34.59283447,CARGAS
2018-0066,1,2018-06-28,11.0,AVENIDA,15.0,Point (100750.52062158 104691.17506829),-58.45511899,-34.58698157,PASAJEROS
2018-0067,1,2018-06-29,16.0,AVENIDA,4.0,Point (107891.26340037 99945.61487141),-58.37724226,-34.62973033,AUTO
2018-0068,1,2018-07-01,9.0,AVENIDA,7.0,Point (100718.69831349 99996.27412808),-58.45546217,-34.62930339,AUTO
2018-0069,1,2018-07-04,21.0,AVENIDA,2.0,Point (105900.94104333 103295.18325601),-58.39897064,-34.59954925,PASAJEROS
2018-0070,1,2018-07-07,15.0,CALLE,3.0,Point (104963.31095539 100886.97438212),-58.40917826,-34.62126274,PASAJEROS
2018-0071,1,2018-07-10,17.0,AVENIDA,1.0,Point (108808.25931028 102022.90885862),-58.36726348,-34.61099738,CARGAS
2018-0072,1,2018-07-11,13.0,AUTOPISTA,8.0,Point (98224.62123059 93867.97738800),-58.48267426,-34.68454456,CARGAS
2018-0073,1,2018-07-11,15.0,AVENIDA,4.0,Point (106218.96559101 97510.98250186),-58.39546165,-34.65168841,CARGAS
2018-0074,1,2018-07-14,6.0,AVENIDA,7.0,Point (99438.84176266 99501.28380301),-58.46941984,-34.63376545,CARGAS
2018-0075,1,2018-07-15,7.0,AVENIDA,14.0,Point (105470.75546311 105320.72785650),-58.40367321,-34.58129246,AUTO
2018-0076,1,2018-07-16,9.0,CALLE,9.0,Point (93946.81673714 97681.68907836),-58.52932872,-34.65014993,CARGAS
2018-0077,1,2018-07-16,23.0,CALLE,3.0,Point (104963.31095539 100886.97438212),-58.40917826,-34.62126274,CARGAS
2018-0078,1,2018-07-21,6.0,CALLE,2.0,Point (104647.18963470 103830.17880585),-58.41264127,-34.59473294,AUTO
2018-0079,1,2018-07-23,7.0,GRAL PAZ,9.0,Point (95832.05571093 95505.41641999),-58.50877521,-34.66977709,CARGAS
2018-0080,1,2018-07-25,22.0,AVENIDA,9.0,Point (95506.35959227 96696.89655626),-58.51232237,-34.6590353,AUTO
2018-0081,1,2018-07-29,6.0,AVENIDA,7.0,Point (101453.89687005 98180.39027169),-58.44744156,-34.64567171,MULTIPLE
2018-0082,1,2018-08-01,15.0,AVENIDA,9.0,Point (97148.03881747 96734.79106149),-58.49441273,-34.65869968,CARGAS
2018-0083,1,2018-08-02,5.0,GRAL PAZ,8.0,Point (98491.08733048 93092.87943671),-58.47976785,-34.69153196,CARGAS
2018-0084,1,2018-08-03,7.0,AVENIDA,1.0,Point (108993.20201253 100735.24332429),-58.36523349,-34.62260331,CARGAS
2018-0085,2,2018-08-03,18.0,AVENIDA,3.0,Point (106612.54991859 100244.75667446),-58.39118948,-34.62704273,PASAJEROS
2018-0086,1,2018-08-10,21.0,AVENIDA,9.0,Point (97534.35415051 97682.40955825),-58.49019551,-34.65015854,PASAJEROS
2018-0087,1,2018-08-15,19.0,AVENIDA,5.0,Point (104296.57153484 99891.67281595),-58.41644362,-34.63023775,PASAJEROS
2018-0088,1,2018-08-17,16.0,GRAL PAZ,12.0,Point (96563.66494817 108815.73881056),-58.5007381,-34.5497951,CARGAS
2018-0089,1,2018-08-17,17.0,AVENIDA,4.0,Point (106147.25140863 99876.44981079),-58.39626094,-34.63036565,PASAJEROS
2018-0090,1,2018-08-18,10.0,AVENIDA,8.0,Point (102791.00899168 95424.06973029),-58.43284809,-34.67051543,AUTO
2018-0091,1,2018-08-19,18.0,AUTOPISTA,9.0,Point (94544.31344300 99185.28796442),-58.52280139,-34.63659934,AUTO
2018-0092,1,2018-08-20,8.0,AVENIDA,14.0,Point (103662.91363929 103496.49206019),-58.4233693,-34.59774487,AUTO
2018-0093,1,2018-08-20,8.0,CALLE,1.0,Point (107004.02001368 99798.84856249),-58.38691681,-34.63105973,PASAJEROS
2018-0094,1,2018-08-23,5.0,CALLE,14.0,Point (104734.93787233 104821.22705013),-58.4116902,-34.5857988,PASAJEROS
2018-0095,1,2018-08-26,0.0,AVENIDA,9.0,Point (99624.29795829 97569.69801131),-58.46739825,-34.65117757,AUTO
2018-0096,1,2018-08-31,22.0,AUTOPISTA,8.0,Point (101692.57924565 95312.63822646),-58.44483258,-34.67152226,AUTO
2018-0097,1,2018-09-02,10.0,AVENIDA,8.0,Point (102819.52927414 96448.46140692),-58.43254025,-34.66128115,OTRO
2018-0098,2,2018-09-09,5.0,GRAL PAZ,8.0,Point (99203.46279192 92552.75548716),-58.47199387,-34.69640164,AUTO
2018-0099,1,2018-09-12,14.0,AVENIDA,7.0,Point (99925.51296558 100002.14427355),-58.46411215,-34.62925068,PASAJEROS
2018-0100,1,2018-09-20,10.0,AVENIDA,1.0,Point (109273.33013929 100616.46322293),-58.36217754,-34.62367156,AUTO
2018-0101,1,2018-09-21,0.0,GRAL PAZ,12.0,Point (98376.44189669 109821.71138325),-58.48098594,-34.5407313,MULTIPLE
2018-0102,1,2018-09-21,0.0,CALLE,4.0,Point (104810.02928662 98097.69340075),-58.41083404,-34.64640709,AUTO
2018-0103,1,2018-09-27,17.0,AVENIDA,7.0,Point (101577.07056955 98313.98170453),-58.44609828,-34.64446729,MOTO
2018-0104,1,2018-10-01,8.0,AUTOPISTA,4.0,Point (107903.91828587 98767.43091425),-58.37709334,-34.64035082,MOTO
2018-0105,1,2018-10-03,18.0,AVENIDA,7.0,Point (99418.67591727 99840.67619219),-58.46963952,-34.63070603,PASAJEROS
2018-0106,1,2018-10-04,22.0,AVENIDA,13.0,Point (102437.44187502 108614.72855724),-58.43674281,-34.55161027,MOTO
2018-0107,1,2018-10-06,14.0,AVENIDA,3.0,Point (105258.35368554 102122.93231400),-58.4059686,-34.61011987,PASAJEROS
2018-0108,1,2018-10-09,14.0,AVENIDA,1.0,Point (109333.85016626 102728.06777580),-58.36154069,-34.60463618,AUTO
2018-0109,1,2018-10-10,22.0,AVENIDA,1.0,Point (108501.28725227 103169.39367565),-58.37062179,-34.60066507,PASAJEROS
2018-0110,1,2018-10-13,3.0,AVENIDA,15.0,Point (102852.69197214 103016.76479974),-58.43220014,-34.60207186,MOTO
2018-0111,1,2018-10-19,12.0,AUTOPISTA,9.0,Point (99423.87045126 97756.09331484),-58.46958442,-34.64949724,CARGAS
2018-0112,1,2018-10-24,9.0,CALLE,15.0,Point (101521.41058610 103279.18839709),-58.44671397,-34.59970903,CARGAS
2018-0113,1,2018-10-25,11.0,CALLE,11.0,Point (99245.93828707 101610.8222803),-58.47152163,-34.61474911,CARGAS
2018-0114,1,2018-10-30,2.0,AVENIDA,1.0,Point (106692.15004353 101239.02351805),-58.39032921,-34.61807951,AUTO
2018-0115,1,2018-10-31,12.0,CALLE,9.0,Point (93987.63954589 98477.26093452),-58.52887773,-34.64297861,PASAJEROS
2018-0116,1,2018-11-01,10.0,GRAL PAZ,8.0,Point (97213.03214767 94392.58930391),-58.49371157,-34.67981324,CARGAS
2018-0117,1,2018-11-04,8.0,AVENIDA,9.0,Point (98224.84159668 96577.14272605),-58.48266599,-34.66012327,MOTO
2018-0118,1,2018-11-05,14.0,AVENIDA,3.0,Point (105244.38396064 102386.61371612),-58.40612253,-34.60774301,MOTO
2018-0119,1,2018-11-05,22.0,AVENIDA,8.0,Point (102489.86457298 96266.15892101),-58.43613623,-34.66292532,
2018-0120,1,2018-11-09,13.0,AVENIDA,12.0,Point (98237.46824855 106343.83342545),-58.48250732,-34.57208238,AUTO
2018-0121,1,2018-11-09,16.0,AVENIDA,10.0,Point (96684.78779898 99093.85665638),-58.49945705,-34.6374328,PASAJEROS
2018-0122,1,2018-11-12,1.0,AUTOPISTA,8.0,Point (98704.10681045 95222.62689520),-58.47743966,-34.67233407,AUTO
2018-0123,1,2018-11-12,3.0,GRAL PAZ,9.0,Point (96405.76679348 94981.38013791),-58.5025179,-34.67450313,
2018-0124,1,2018-11-15,19.0,AUTOPISTA,9.0,Point (94668.77734942 99160.32825286),-58.52144411,-34.63682499,CARGAS
2018-0125,1,2018-11-16,21.0,AVENIDA,4.0,Point (104289.92773867 97606.13539657),-58.41650465,-34.65084045,PASAJEROS
2018-0126,1,2018-11-18,12.0,GRAL PAZ,9.0,Point (93889.86789861 98745.59348173),-58.52994219,-34.64055918,AUTO
2018-0127,1,2018-11-19,9.0,GRAL PAZ,12.0,Point (95720.94836751 106663.03756022),-58.50993046,-34.56919739,MOTO
2018-0128,2,2018-11-25,4.0,GRAL PAZ,9.0,Point (94027.41355272 98150.01779732),-58.52844623,-34.64592873,PASAJEROS
2018-0129,1,2018-11-28,4.0,AVENIDA,15.0,Point (101200.55632600 104694.24798650),-58.45021367,-34.58695347,PASAJEROS
2018-0130,1,2018-12-03,3.0,AVENIDA,10.0,Point (97531.36286491 100173.61049110),-58.49022072,-34.62770192,PASAJEROS
2018-0131,1,2018-12-07,19.0,AVENIDA,1.0,Point (108685.90894590 103124.78289557),-58.36860866,-34.60106568,CARGAS
2018-0132,1,2018-12-12,8.0,AUTOPISTA,2.0,Point (106275.90279188 106304.98623165),-58.39490504,-34.57241534,CARGAS
2018-0133,1,2018-12-12,14.0,AVENIDA,7.0,Point (99418.67591727 99840.67619219),-58.46963952,-34.63070603,CARGAS
2018-0134,1,2018-12-12,21.0,AVENIDA,7.0,Point (103649.67568294 98786.92074818),-58.42349365,-34.64019887,MOTO
2018-0135,1,2018-12-18,14.0,AVENIDA,1.0,Point (108124.38297421 101840.19801704),-58.37471802,-34.61265002,PASAJEROS
2018-0136,1,2018-12-18,15.0,AVENIDA,7.0,Point (99900.22869225 100014.51595495),-58.46438789,-34.62913916,PASAJEROS
2018-0137,1,2018-12-18,20.0,CALLE,1.0,Point (107198.03031731 102023.53206745),-58.38481975,-34.61100424,PASAJEROS
2018-0138,1,2018-12-21,9.0,CALLE,10.0,Point (95944.83421152 100945.68379559),-58.50751833,-34.62073702,PASAJEROS
2018-0139,1,2018-12-22,6.0,CALLE,7.0,Point (101510.09611838 98933.71958961),-58.44682986,-34.63888084,MOTO
2018-0140,1,2018-12-22,8.0,CALLE,1.0,Point (109469.86887005 101709.86665960),-58.3600465,-34.61381341,AUTO
2018-0141,1,2018-12-22,17.0,AVENIDA,5.0,Point (104420.68512694 100931.98574919),-58.41509546,-34.62085945,MOTO
2018-0142,1,2018-12-25,13.0,GRAL PAZ,12.0,Point (95716.93710226 106295.47905158),-58.50997604,-34.57251072,PASAJEROS
2018-0143,1,2018-12-29,5.0,AVENIDA,10.0,Point (97912.79273192 98756.38729095),-58.48606475,-34.64047818,AUTO
2019-0001,1,2019-01-08,8.0,AVENIDA,2.0,Point (107160.34141948 105678.38284277),-58.38526125,-34.5780581,CARGAS
2019-0002,1,2019-01-09,4.0,AVENIDA,7.0,Point (100794.20933352 97609.18063839),-58.45463662,-34.65082149,CARGAS
2019-0003,1,2019-01-12,8.0,AVENIDA,15.0,Point (97439.07314838 103559.40773606),-58.49121672,-34.59718073,AUTO
2019-0004,1,2019-01-14,19.0,AVENIDA,9.0,Point (99087.21233087 97384.56622913),-58.47325712,-34.65284605,PASAJEROS
2019-0005,1,2019-01-19,12.0,AVENIDA,10.0,Point (94701.87719386 99493.36109269),-58.52108101,-34.63382309,CARGAS
2019-0006,1,2019-01-23,5.0,AVENIDA,14.0,Point (104292.73762877 108227.37900690),-58.41652702,-34.55509606,AUTO
2019-0007,1,2019-01-26,19.0,CALLE,5.0,Point (103153.61467028 102057.67908768),-58.42891604,-34.6107166,AUTO
2019-0008,1,2019-01-30,22.0,GRAL PAZ,8.0,Point (98650.97430792 93088.91481914),-58.47802293,-34.69156793,MULTIPLE
2019-0009,1,2019-01-31,14.0,AVENIDA,1.0,Point (108038.17400278 100802.81492813),-58.37564821,-34.62200207,AUTO
2019-0010,2,2019-02-02,7.0,AVENIDA,14.0,Point (103359.87920798 106617.17056502),-58.42668489,-34.56961468,AUTO
2019-0011,1,2019-02-10,1.0,GRAL PAZ,9.0,Point (94949.53051500 96309.49139706),-58.5183993,-34.66252488,AUTO
2019-0012,1,2019-02-17,3.0,AVENIDA,8.0,Point (98072.98959434 94742.80804806),-58.48432691,-34.67665828,AUTO
2019-0013,1,2019-02-20,7.0,CALLE,7.0,Point (102701.07793891 98301.55899449),-58.4338383,-34.64457699,AUTO
2019-0014,1,2019-02-20,17.0,CALLE,11.0,Point (95105.42229190 104734.49416290),-58.51664939,-34.58657938,OBJETO FIJO
2019-0015,1,2019-02-23,6.0,AVENIDA,11.0,Point (96988.34526261 103575.43345979),-58.49613012,-34.59703502,OBJETO FIJO
2019-0016,1,2019-02-24,2.0,CALLE,4.0,Point (107350.48403234 99520.90259673),-58.38313603,-34.63356284,PASAJEROS
2019-0017,1,2019-03-03,7.0,CALLE,3.0,Point (105883.57359899 101434.40486977),-58.39914719,-34.61632317,PASAJEROS
2019-0018,1,2019-03-03,23.0,AUTOPISTA,13.0,Point (101287.58627255 109848.96522762),-58.44927253,-34.54048625,AUTO
2019-0019,1,2019-03-06,12.0,AVENIDA,13.0,Point (101175.50098927 108378.70762331),-58.45049163,-34.55374003,AUTO
2019-0020,1,2019-03-07,21.0,AVENIDA,5.0,Point (104622.17042668 99282.25347815),-58.41288952,-34.63572989,AUTO
2019-0021,1,2019-03-15,22.0,AVENIDA,7.0,Point (100537.72694403 100405.74808196),-58.45743597,-34.62561234,AUTO
2019-0022,1,2019-03-15,0.0,AVENIDA,1.0,Point (106608.39392805 100635.27735528),-58.39123782,-34.62352245,
2019-0023,1,2019-03-16,8.0,GRAL PAZ,9.0,Point (93955.07404645 99209.29091025),-58.52922765,-34.63637963,OBJETO FIJO
2019-0024,1,2019-03-19,7.0,AVENIDA,1.0,Point (108368.93688513 104860.74716674),-58.37208118,-34.58541957,CARGAS
2019-0025,1,2019-03-22,13.0,CALLE,5.0,Point (104468.07400702 102205.91009215),-58.41458534,-34.60937557,AUTO
2019-0026,1,2019-03-28,7.0,AVENIDA,8.0,Point (98491.08733048 93092.87943671),-58.47976785,-34.69153196,PASAJEROS
2019-0027,1,2019-03-28,11.0,AVENIDA,2.0,Point (105815.73438780 103786.90549585),-58.39990285,-34.59511714,MULTIPLE
2019-0028,1,2019-04-06,9.0,AVENIDA,11.0,Point (100255.56175905 102594.14179920),-58.46051346,-34.60588536,PASAJEROS
2019-0029,1,2019-04-07,10.0,AVENIDA,8.0,Point (98491.08733048 93092.87943671),-58.47976785,-34.69153196,OBJETO FIJO
2019-0030,1,2019-04-09,16.0,CALLE,7.0,Point (100800.05107565 100531.46552448),-58.45457546,-34.62447891,CARGAS
2019-0031,1,2019-04-12,19.0,AVENIDA,1.0,Point (108602.89777103 103429.39485413),-58.36951669,-34.59832047,CARGAS
2019-0032,1,2019-04-16,11.0,AVENIDA,11.0,Point (99921.70768730 102754.71427746),-58.46415322,-34.6044379,AUTO
2019-0033,1,2019-04-18,1.0,AUTOPISTA,1.0,Point (108916.48040002 100856.88142642),-58.36607137,-34.62150748,
2019-0034,1,2019-04-21,9.0,AVENIDA,7.0,Point (100726.63402530 97597.06610219),-58.45537373,-34.65093074,OBJETO FIJO
2019-0035,1,2019-04-23,14.0,CALLE,1.0,Point (107693.66022765 103185.01912141),-58.37942637,-34.60053054,BICICLETA
2019-0036,1,2019-04-26,22.0,CALLE,6.0,Point (102429.80070706 100864.42075191),-58.4368044,-34.62147504,AUTO
2019-0037,1,2019-05-01,23.0,AVENIDA,3.0,Point (105091.36704114 101058.15092586),-58.40778291,-34.61971907,AUTO
2019-0038,1,2019-05-04,14.0,AVENIDA,13.0,Point (101025.65409402 109205.71453455),-58.45212523,-34.54628513,MOTO
2019-0039,1,2019-05-09,3.0,AVENIDA,7.0,Point (99615.63172945 99306.93173343),-58.46749188,-34.63551751,AUTO
2019-0040,1,2019-05-09,12.0,CALLE,7.0,Point (101894.68493124 99164.78448252),-58.4426358,-34.63679732,
2019-0041,1,2019-05-11,20.0,AVENIDA,9.0,Point (95590.61347415 96760.29404728),-58.51140289,-34.65846419,MULTIPLE
2019-0042,1,2019-05-14,15.0,CALLE,1.0,Point (107444.95821447 100509.15466740),-58.38211431,-34.62465368,PASAJEROS
2019-0043,1,2019-05-21,9.0,AVENIDA,1.0,Point (108602.89777103 103429.39485413),-58.36951669,-34.59832047,CARGAS
2019-0044,1,2019-05-27,12.0,AVENIDA,5.0,Point (104305.46011381 100986.83752228),-58.41635217,-34.62036547,MOTO
2019-0045,1,2019-06-03,7.0,AVENIDA,14.0,Point (104600.49945984 105930.85721602),-58.41316147,-34.57579669,CARGAS
2019-0046,1,2019-06-04,9.0,GRAL PAZ,13.0,Point (98817.74986778 110096.31367495),-58.47617802,-34.53825652,AUTO
2019-0047,1,2019-06-06,10.0,AVENIDA,4.0,Point (107049.58656184 99550.26208324),-58.38641783,-34.63330028,CARGAS
2019-0048,1,2019-06-07,7.0,AVENIDA,6.0,Point (100924.23883176 100986.01051740),-58.45322169,-34.62038137,CARGAS
2019-0049,1,2019-06-08,9.0,CALLE,13.0,Point (100441.31384072 107499.63270409),-58.45849057,-34.56166498,CARGAS
2019-0050,1,2019-06-08,23.0,AVENIDA,14.0,Point (104128.51577643 103898.77571857),-58.41829559,-34.59411677,CARGAS
2019-0051,1,2019-06-11,10.0,CALLE,4.0,Point (109126.17010339 98991.49558123),-58.36376488,-34.63832093,AUTO
2019-0053,1,2019-06-14,17.0,AVENIDA,8.0,Point (99896.72991309 96585.69018400),-58.46442668,-34.66004784,AUTO
2019-0054,1,2019-06-20,3.0,CALLE,15.0,Point (98264.06251394 104989.86881414),-58.48222035,-34.58428769,OBJETO FIJO
2019-0055,1,2019-06-20,19.0,AVENIDA,1.0,Point (108724.12468316 102928.79394095),-58.36819005,-34.60283208,PASAJEROS
2019-0056,1,2019-06-29,17.0,AVENIDA,7.0,Point (100414.85185956 100661.22751226),-58.45877601,-34.62330939,AUTO
2019-0057,1,2019-07-05,19.0,CALLE,13.0,Point (101957.99726887 107949.81115534),-58.44196498,-34.55760517,AUTO
2019-0058,1,2019-07-10,9.0,AUTOPISTA,10.0,Point (96064.06591151 99221.69236283),-58.50622631,-34.63627822,PASAJEROS
2019-0059,1,2019-07-13,22.0,CALLE,1.0,Point (107261.50953067 99806.16899068),-58.3841088,-34.63099197,PASAJEROS
2019-0060,1,2019-07-17,11.0,AVENIDA,10.0,Point (98376.49615363 99359.41534876),-58.48100602,-34.63504312,AUTO
2019-0061,1,2019-07-17,18.0,CALLE,13.0,Point (101036.85652575 107926.87651681),-58.45200171,-34.5578132,PASAJEROS
2019-0062,1,2019-08-01,23.0,AVENIDA,13.0,Point (101714.11981913 107461.10208167),-58.44462132,-34.56201105,PASAJEROS
2019-0063,1,2019-08-04,1.0,AVENIDA,15.0,Point (101017.68913992 104676.11449993),-58.45220688,-34.58711712,PASAJEROS
2019-0064,1,2019-08-06,3.0,AVENIDA,7.0,Point (100337.26455822 100756.41076314),-58.4596221,-34.6224514,AUTO
2019-0065,1,2019-08-08,16.0,CALLE,4.0,Point (103996.06089673 97239.27066069),-58.4197085,-34.65414867,PASAJEROS
2019-0066,1,2019-08-11,21.0,AVENIDA,7.0,Point (101964.06573044 97768.88820027),-58.44187596,-34.64938031,AUTO
2019-0067,1,2019-08-14,15.0,CALLE,10.0,Point (97458.87181153 98502.45008355),-58.49101637,-34.64276621,CARGAS
2019-0068,1,2019-08-14,17.0,AVENIDA,8.0,Point (103516.29283702 96305.80102228),-58.42493829,-34.66256502,MOTO
2019-0069,1,2019-08-17,5.0,AVENIDA,4.0,Point (105355.77079994 99994.97457130),-58.40489318,-34.62930162,AUTO
2019-0070,1,2019-08-22,12.0,AVENIDA,14.0,Point (103342.29763549 104114.07863350),-58.4268668,-34.59217875,BICICLETA
2019-0071,1,2019-08-27,11.0,AVENIDA,9.0,Point (98504.80160700 97011.97752137),-58.479611,-34.65620398,CARGAS
2019-0072,1,2019-08-28,6.0,AVENIDA,10.0,Point (98982.27543524 99337.43508034),-58.47439934,-34.63524207,AUTO
2019-0073,1,2019-08-29,1.0,AVENIDA,15.0,Point (99649.53744486 105547.74929043),-58.46711912,-34.57926018,OBJETO FIJO
2019-0074,1,2019-08-29,9.0,AUTOPISTA,13.0,Point (99830.29053639 110496.05308488),-58.46514781,-34.53465378,CARGAS
2019-0075,1,2019-08-30,23.0,CALLE,4.0,Point (108029.19662631 97048.95529785),-58.37571078,-34.65584079,PASAJEROS
2019-0076,1,2019-09-05,18.0,AUTOPISTA,4.0,Point (108408.31866027 97219.56223456),-58.37157668,-34.65429986,CARGAS
2019-0077,1,2019-09-08,3.0,AVENIDA,14.0,Point (105980.99138544 105385.93253091),-58.39811256,-34.58070186,AUTO
2019-0078,1,2019-09-12,8.0,AVENIDA,4.0,Point (104770.59856807 97235.72066953),-58.41125934,-34.6541774,CARGAS
2019-0079,1,2019-09-17,5.0,CALLE,5.0,Point (104133.42235616 101175.18161468),-58.41822901,-34.61866836,PASAJEROS
2019-0080,1,2019-09-17,18.0,GRAL PAZ,13.0,Point (98817.74986778 110096.31367495),-58.47617802,-34.53825652,MOTO
2019-0081,1,2019-09-23,16.0,AVENIDA,15.0,Point (100173.09831701 104773.73030321),-58.46141281,-34.58623761,PASAJEROS
2019-0082,1,2019-09-25,7.0,AVENIDA,8.0,Point (103065.99442998 96457.67469916),-58.42985146,-34.6611974,CARGAS
2019-0083,1,2019-09-26,8.0,CALLE,9.0,Point (98049.89254647 96769.28504384),-58.48457413,-34.6583909,AUTO
2019-0084,1,2019-09-27,11.0,CALLE,7.0,Point (99777.28948169 99222.14556838),-58.46572884,-34.63628186,CARGAS
2019-0085,1,2019-10-09,22.0,CALLE,10.0,Point (97311.79828581 99453.65686299),-58.49261744,-34.6341913,TREN
2019-0086,1,2019-10-15,14.0,AVENIDA,15.0,Point (100960.33601283 104532.07598431),-58.45283186,-34.5884156,PASAJEROS
2019-0087,1,2019-10-21,21.0,AVENIDA,12.0,Point (98491.73236150 106110.45743791),-58.47973681,-34.57418656,MOTO
2019-0088,1,2019-10-22,20.0,AVENIDA,4.0,Point (105230.98315750 97613.97258373),-58.40623949,-34.65076549,PASAJEROS
2019-0089,1,2019-10-23,15.0,AVENIDA,4.0,Point (109247.85081573 99794.76658137),-58.36244648,-34.63107887,CARGAS
2019-0090,1,2019-10-24,18.0,AVENIDA,9.0,Point (96669.91669285 97846.12432372),-58.49962423,-34.64868027,MOTO
2019-0091,1,2019-11-01,20.0,AVENIDA,15.0,Point (101631.52816900 103735.20218464),-58.44551437,-34.59559816,PASAJEROS
2019-0092,1,2019-11-03,10.0,CALLE,4.0,Point (109831.09861352 99447.57530396),-58.35608181,-34.63420319,PASAJEROS
2019-0093,1,2019-11-13,11.0,AVENIDA,11.0,Point (99859.01807773 102240.12407554),-58.46483679,-34.60907662,OTRO
2019-0094,1,2019-11-18,14.0,CALLE,15.0,Point (101799.19412891 103552.67600212),-58.44368628,-34.59724326,OTRO
2019-0095,1,2019-11-20,15.0,AUTOPISTA,1.0,Point (107762.62066755 100018.90176184),-58.37864583,-34.62907067,CARGAS
2019-0096,1,2019-11-22,19.0,AVENIDA,1.0,Point (108041.76772318 100219.10582069),-58.37560352,-34.62726382,PASAJEROS
2019-0097,1,2019-11-25,8.0,AUTOPISTA,9.0,Point (98724.36593359 97905.39654686),-58.47721439,-34.64815069,MULTIPLE
2019-0098,1,2019-11-25,14.0,AVENIDA,15.0,Point (101097.15913487 104373.72916577),-58.45134029,-34.58984288,PASAJEROS
2019-0100,1,2019-12-05,17.0,AVENIDA,12.0,Point (97512.85370485 105056.21473822),-58.49040794,-34.58368803,AUTO
2019-0101,1,2019-12-17,4.0,AVENIDA,4.0,Point (103875.40694167 97709.33732832),-58.42102679,-34.64991178,MOTO
2019-0102,1,2019-12-17,14.0,CALLE,9.0,Point (94600.31582329 98648.40911008),-58.52219407,-34.64143926,AUTO
2019-0103,1,2019-12-18,,GRAL PAZ,11.0,Point (94643.11254058 103831.57115061),-58.52169422,-34.5947164,MOTO
2019-0104,1,2019-12-21,4.0,AVENIDA,10.0,Point (98963.45381519 99690.23941640),-58.47460416,-34.63206174,AUTO
2019-0105,1,2019-05-05,11.0,AVENIDA,10.0,Point (96164.17004077 101559.58637156),-58.50512382,-34.61520391,AUTO
2020-0001,1,2020-01-04,10.0,CALLE,15.0,Point (102219.66522967 104119.42339682),-58.43910409,-34.59213355,AUTO
2020-0002,1,2020-01-05,20.0,AVENIDA,7.0,Point (101201.50959665 98092.52358781),-58.45019436,-34.64646409,OBJETO FIJO
2020-0003,1,2020-01-11,6.0,AVENIDA,3.0,Point (106413.35913221 102215.84332055),-58.39337644,-34.60927582,AUTO
2020-0004,1,2020-01-14,21.0,AVENIDA,1.0,Point (106672.04348602 102224.86809233),-58.39055614,-34.60919284,PASAJEROS
2020-0005,1,2020-01-14,6.0,AVENIDA,3.0,Point (104853.84131654 100497.93573387),-58.41036975,-34.62477021,PASAJEROS
2020-0006,1,2020-01-20,12.0,AVENIDA,8.0,Point (101287.27262066 97242.60480808),-58.44925765,-34.65412546,CARGAS
2020-0007,1,2020-01-27,0.0,CALLE,1.0,Point (107495.74012081 101415.07897373),-58.3815685,-34.61648696,MOTO
2020-0008,1,2020-01-30,7.0,AVENIDA,2.0,Point (105198.52795163 103462.44828321),-58.40662899,-34.59804521,CARGAS
2020-0009,1,2020-02-04,14.0,CALLE,5.0,Point (103984.76403716 102579.64869142),-58.41985649,-34.6060085,AUTO
2020-0010,1,2020-02-08,5.0,AVENIDA,1.0,Point (107547.52290950 100786.86705692),-58.38099833,-34.62214953,OBJETO FIJO
2020-0011,1,2020-02-12,11.0,CALLE,5.0,Point (104151.41161599 101223.60584703),-58.41803309,-34.61823178,CARGAS
2020-0012,1,2020-02-18,21.0,CALLE,3.0,Point (105251.32172099 101267.01010190),-58.40604003,-34.61783553,MOTO
2020-0013,1,2020-02-20,12.0,AVENIDA,15.0,Point (98880.64164625 105472.20084776),-58.47549929,-34.57994061,MOTO
2020-0014,1,2020-02-27,2.0,CALLE,11.0,Point (95351.54075716 101470.48982187),-58.51398484,-34.61600366,PASAJEROS
2020-0015,1,2020-02-28,14.0,AVENIDA,1.0,Point (108741.48238670 100448.08502809),-58.36797542,-34.62519403,PASAJEROS
2020-0016,1,2020-02-29,13.0,AVENIDA,1.0,Point (108435.94625268 103377.11105009),-58.37133616,-34.59879316,PASAJEROS
2020-0017,1,2020-03-05,23.0,AVENIDA,3.0,Point (106159.7089575 101676.89316862),-58.39613805,-34.61413568,AUTO
2020-0018,1,2020-03-09,14.0,AVENIDA,13.0,Point (101309.75947342 109680.73260642),-58.44903073,-34.54200276,OBJETO FIJO
2020-0019,1,2020-03-10,21.0,CALLE,5.0,Point (103995.88773205 100088.27591278),-58.41972364,-34.6284667,AUTO
2020-0020,1,2020-03-13,17.0,AVENIDA,3.0,Point (105281.81064188 102627.51469425),-58.40571596,-34.60557123,MOTO
2020-0021,1,2020-03-14,16.0,CALLE,2.0,Point (104475.21054309 103813.59469342),-58.4145159,-34.59488319,AUTO
2020-0022,1,2020-04-07,6.0,AUTOPISTA,9.0,Point (99113.17852207 96319.06728520),-58.47297505,-34.66245085,CARGAS
2020-0023,1,2020-04-09,18.0,AVENIDA,4.0,Point (109662.97469484 99142.83907419),-58.35791192,-34.63695178,CARGAS
2020-0024,1,2020-04-24,7.0,CALLE,9.0,Point (95900.63845367 97502.71514770),-58.50801713,-34.65177305,AUTO
2020-0025,1,2020-05-12,5.0,AVENIDA,3.0,Point (105568.73999229 102163.66359236),-58.40258477,-34.60975108,AUTO
2020-0026,1,2020-05-17,6.0,AUTOPISTA,14.0,,,,OBJETO FIJO
2020-0027,1,2020-05-18,8.0,AVENIDA,8.0,Point (98224.62123059 93867.97738800),-58.48267426,-34.68454456,CARGAS
2020-0028,1,2020-05-19,10.0,AVENIDA,15.0,Point (101908.88028543 103000.62674037),-58.44248936,-34.60221948,PASAJEROS
2020-0029,1,2020-06-10,14.0,GRAL PAZ,9.0,Point (93967.75484753 98933.33634522),-58.52909134,-34.63886726,PASAJEROS
2020-0030,1,2020-06-16,15.0,AVENIDA,6.0,Point (101074.10089886 102529.69706887),-58.45158942,-34.6064658,MULTIPLE
2020-0031,1,2020-06-30,8.0,AVENIDA,9.0,Point (97236.89442427 96825.16279174),-58.49344309,-34.65788529,CARGAS
2020-0032,1,2020-07-10,23.0,AVENIDA,15.0,Point (101899.62680853 103651.59621952),-58.44259166,-34.59635137,AUTO
2020-0033,1,2020-07-19,6.0,GRAL PAZ,13.0,Point (99620.34936816 110483.29286598),-58.46743471,-34.53476874,OBJETO FIJO
2020-0034,1,2020-08-02,3.0,CALLE,3.0,Point (104725.24275395 102222.75498861),-58.41178158,-34.60922259,AUTO
2020-0035,1,2020-08-04,5.0,AUTOPISTA,7.0,Point (101156.55025059 99210.16912341),-58.45068621,-34.63638927,PASAJEROS
2020-0036,1,2020-08-07,18.0,AVENIDA,14.0,Point (103956.90165674 104600.93056775),-58.42016954,-34.5877879,MOTO
2020-0037,1,2020-08-29,4.0,AVENIDA,8.0,Point (102273.01728657 97084.66236498),-58.43850413,-34.65554754,AUTO
2020-0038,2,2020-08-30,4.0,AVENIDA,14.0,Point (105241.05562982 105080.52102657),-58.40617526,-34.58345898,AUTO
2020-0039,1,2020-09-01,19.0,CALLE,9.0,,,,CARGAS
2020-0040,1,2020-09-12,3.0,AVENIDA,2.0,Point (107160.34141948 105678.38284277),-58.38526125,-34.5780581,OBJETO FIJO
2020-0041,1,2020-09-28,1.0,AVENIDA,7.0,Point (101448.28844783 99373.44893645),-58.4475047,-34.63491705,PASAJEROS
2020-0042,1,2020-09-29,17.0,AVENIDA,8.0,Point (99619.02595373 94158.58480023),-58.46745752,-34.68192648,PASAJEROS
2020-0043,1,2020-09-30,17.0,AVENIDA,1.0,Point (108372.80843298 103556.18483992),-58.37202621,-34.59717942,PASAJEROS
2020-0044,1,2020-10-05,0.0,AVENIDA,6.0,Point (103255.81315650 100797.78656418),-58.42779702,-34.62207347,AUTO
2020-0045,1,2020-10-19,3.0,GRAL PAZ,8.0,Point (100077.95205948 91571.23307293),-58.46244952,-34.70524971,CARGAS
2020-0046,1,2020-10-27,21.0,AVENIDA,11.0,Point (98064.49909649 102385.10228515),-58.4844016,-34.60776782,MOTO
2020-0047,1,2020-10-27,14.0,AUTOPISTA,9.0,Point (99689.80114953 97506.41939342),-58.46668375,-34.65174801,CARGAS
2020-0048,1,2020-10-29,20.0,AVENIDA,15.0,Point (101257.88680240 103998.57805569),-58.4495878,-34.59322448,OBJETO FIJO
2020-0049,1,2020-10-30,20.0,AVENIDA,1.0,Point (108069.68986814 104046.20018024),-58.37533517,-34.59276462,AUTO
2020-0050,1,2020-11-01,22.0,AVENIDA,14.0,Point (103490.75904616 105613.31878847),-58.42525456,-34.57866344,MOTO
2020-0051,1,2020-11-05,0.0,AVENIDA,10.0,Point (98015.81258802 99939.73589695),-58.48493828,-34.62981124,AUTO
2020-0052,1,2020-11-07,6.0,AVENIDA,3.0,Point (105365.60153004 103041.51356366),-58.40480504,-34.60183884,CARGAS
2020-0053,1,2020-11-09,3.0,AVENIDA,4.0,Point (104770.59856807 97235.72066953),-58.41125934,-34.6541774,AUTO
2020-0054,1,2020-11-19,9.0,CALLE,4.0,Point (105844.27941538 99942.63399522),-58.39956546,-34.6297708,AUTO
2020-0055,1,2020-11-19,12.0,AVENIDA,12.0,Point (97544.91851020 105610.70316243),-58.49005682,-34.5786897,CARGAS
2020-0056,1,2020-11-21,13.0,GRAL PAZ,8.0,Point (99327.01838497 92326.91130631),-58.47064556,-34.69843756,CARGAS
2020-0057,1,2020-11-23,7.0,AVENIDA,11.0,Point (98925.55646359 101088.30104271),-58.4750156,-34.61945902,AUTO
2020-0058,1,2020-11-24,16.0,AVENIDA,10.0,Point (97801.31825511 99194.93911759),-58.48727942,-34.63652467,AUTO
2020-0059,1,2020-12-01,6.0,CALLE,1.0,Point (107682.84851121 100144.13011242),-58.3795169,-34.62794241,PASAJEROS
2020-0060,1,2020-12-03,20.0,AVENIDA,9.0,Point (98697.55944704 96954.54248093),-58.47750832,-34.65672199,MOTO
2020-0061,1,2020-12-03,14.0,AUTOPISTA,13.0,Point (101287.58627255 109848.96522762),-58.44927253,-34.54048625,CARGAS
2020-0062,1,2020-12-04,17.0,CALLE,3.0,Point (106496.91403350 101854.18791210),-58.39246272,-34.61253541,PASAJEROS
2020-0063,2,2020-12-05,7.0,CALLE,11.0,Point (94080.62190808 102083.62453795),-58.52783814,-34.61047001,MOTO
2020-0065,1,2020-12-05,16.0,GRAL PAZ,12.0,Point (97243.88021302 108974.21974638),-58.49332664,-34.54836855,AUTO
2020-0066,1,2020-12-07,4.0,AUTOPISTA,10.0,Point (96471.01552298 99259.49298489),-58.50178784,-34.63593897,OBJETO FIJO
2020-0067,1,2020-12-11,22.0,AVENIDA,4.0,Point (104283.01090451 97171.08656182),-58.41657793,-34.65476216,PASAJEROS
2020-0068,1,2020-12-12,20.0,AVENIDA,2.0,Point (106054.02111991 105122.19678820),-58.39731474,-34.58307887,AUTO
2020-0069,1,2020-12-15,5.0,AVENIDA,1.0,Point (106954.95135245 101257.81371683),-58.38746381,-34.61790839,PASAJEROS
2020-0070,1,2020-12-17,15.0,AVENIDA,2.0,Point (106550.65433457 104158.41702434),-58.39189441,-34.59176378,PASAJEROS
2020-0071,1,2020-12-17,23.0,AVENIDA,7.0,Point (99615.63172945 99306.93173343),-58.46749188,-34.63551751,AUTO
2020-0072,1,2020-12-19,3.0,AVENIDA,3.0,Point (105547.81747951 100901.07129086),-58.40280471,-34.62113271,AUTO
2020-0073,1,2020-12-20,7.0,AVENIDA,8.0,Point (101721.59002217 93844.25656649),-58.44451316,-34.68475866,OBJETO FIJO
2020-0074,1,2020-12-20,21.0,AVENIDA,7.0,Point (99284.33566289 100204.74520997),-58.47110424,-34.62742408,AUTO
2020-0075,1,2020-12-23,14.0,AVENIDA,1.0,Point (107438.10136119 102829.30417800),-58.38220928,-34.60373898,PASAJEROS
2020-0076,1,2020-12-24,12.0,AVENIDA,10.0,Point (96822.61133430 101510.32578499),-58.49794468,-34.61565025,PASAJEROS
2020-0077,2,2020-12-25,6.0,AVENIDA,15.0,Point (99182.71320106 103123.43585183),-58.47220945,-34.60111373,AUTO
2020-0078,1,2020-12-25,5.0,CALLE,7.0,Point (102405.37940842 99677.09327308),-58.43706741,-34.63217813,PASAJEROS
2020-0079,1,2020-12-27,4.0,GRAL PAZ,12.0,Point (97243.88021302 108974.21974638),-58.49332664,-34.54836855,OBJETO FIJO
2021-0001,1,2021-01-06,18.0,AUTOPISTA,1.0,Point (107674.71781880 100334.26713627),-58.37960727,-34.62622851,AUTO
2021-0002,1,2021-01-07,10.0,AVENIDA,9.0,Point (95662.77651946 97729.83483715),-58.51061062,-34.64972472,CARGAS
2021-0003,1,2021-01-10,7.0,AUTOPISTA,7.0,Point (103005.63484321 99983.28177809),-58.43052224,-34.62941648,OBJETO FIJO
2021-0004,1,2021-01-11,9.0,AVENIDA,5.0,Point (104469.26511938 98956.35144845),-58.41455544,-34.63866836,CARGAS
2021-0005,1,2021-01-11,21.0,AVENIDA,9.0,Point (99592.54465207 97999.69053974),-58.46774439,-34.64730145,AUTO
2021-0006,1,2021-01-12,21.0,AUTOPISTA,14.0,Point (105087.20771949 106876.69794004),-58.40786274,-34.56726817,CARGAS
2021-0007,1,2021-01-18,10.0,AVENIDA,15.0,Point (97784.94977398 104775.10084109),-58.48744301,-34.58622275,MOTO
2021-0008,1,2021-01-22,23.0,AVENIDA,4.0,Point (104283.01090451 97171.08656182),-58.41657793,-34.65476216,PASAJEROS
2021-0009,1,2021-01-23,5.0,AVENIDA,6.0,Point (100897.78829476 101987.96413026),-58.45351111,-34.61134937,OBJETO FIJO
2021-0010,1,2021-01-23,8.0,GRAL PAZ,12.0,Point (96563.66494817 108815.73881056),-58.5007381,-34.5497951,AUTO
2021-0011,1,2021-01-27,1.0,AVENIDA,2.0,Point (106591.90146932 103727.42053338),-58.39144148,-34.59564871,AUTO
2021-0012,1,2021-01-29,20.0,AUTOPISTA,8.0,Point (98294.52407931 93943.96825453),-58.48191128,-34.68385968,AUTO
2021-0013,1,2021-01-31,6.0,AVENIDA,10.0,Point (97801.31825511 99194.93911759),-58.48727942,-34.63652467,OBJETO FIJO
2021-0014,1,2021-02-02,0.0,AVENIDA,15.0,Point (98166.49822882 103491.41769625),-58.48328708,-34.59779521,AUTO
2021-0015,1,2021-02-06,3.0,AVENIDA,15.0,Point (97533.67858226 103551.76003520),-58.49018543,-34.5972499,OBJETO FIJO
2021-0016,1,2021-02-14,5.0,AVENIDA,8.0,Point (99175.17507833 93836.79626465),-58.47230127,-34.68482689,OBJETO FIJO
2021-0017,1,2021-02-17,4.0,AVENIDA,1.0,Point (107397.40269295 99729.43717725),-58.38262614,-34.63168269,PASAJEROS
2021-0018,1,2021-02-20,19.0,CALLE,3.0,Point (104845.36965581 102365.51025993),-58.41047268,-34.60793518,AUTO
2021-0019,1,2021-02-21,1.0,AVENIDA,12.0,Point (96944.69676081 107291.52292157),-58.49659234,-34.56353635,OBJETO FIJO
2021-0020,1,2021-02-21,15.0,CALLE,5.0,Point (103546.90832431 102439.67271563),-58.42462955,-34.60727189,CARGAS
2021-0021,1,2021-02-26,5.0,CALLE,3.0,Point (104734.09567654 101930.58983096),-58.41168345,-34.61185625,OBJETO FIJO
2021-0022,1,2021-02-28,12.0,AVENIDA,13.0,Point (101075.92147827 108552.55000854),-58.45157681,-34.55217303,
2021-0023,1,2021-03-01,9.0,AUTOPISTA,4.0,,,,CARGAS
2021-0024,1,2021-03-03,16.0,AVENIDA,9.0,Point (97027.10745715 95474.44134863),-58.49573651,-34.67006054,CARGAS
2021-0025,1,2021-03-11,3.0,GRAL PAZ,8.0,Point (97832.57143731 93489.83736533),-58.48695354,-34.68795245,OTRO
2021-0026,1,2021-03-15,2.0,AUTOPISTA,4.0,Point (108038.11136985 98307.74373426),-58.37562539,-34.64449357,OBJETO FIJO
2021-0027,1,2021-03-16,15.0,GRAL PAZ,12.0,Point (97098.48468623 109019.96106626),-58.49491054,-34.54795581,CARGAS
2021-0028,1,2021-03-29,17.0,AVENIDA,7.0,Point (102000.84898999 98412.66166222),-58.44147621,-34.64357704,PASAJEROS
2021-0029,1,2021-03-31,18.0,AVENIDA,7.0,Point (99478.13530470 99680.01615001),-58.46899119,-34.63215432,AUTO
2021-0030,1,2021-04-03,18.0,CALLE,4.0,Point (107009.29363805 99410.79524854),-58.38685612,-34.63455776,PASAJEROS
2021-0031,1,2021-04-07,10.0,AVENIDA,1.0,Point (107535.23922218 101285.66809968),-58.38113667,-34.61765323,CARGAS
2021-0032,1,2021-04-10,19.0,AUTOPISTA,13.0,Point (102035.21425502 109304.90133530),-58.44112678,-34.54538956,MOTO
2021-0033,1,2021-04-14,17.0,AUTOPISTA,5.0,Point (104341.13684161 100202.74307433),-58.41595919,-34.62743346,OBJETO FIJO
2021-0034,1,2021-04-19,14.0,AVENIDA,4.0,Point (105634.57202683 98201.36000813),-58.40184094,-34.64546845,CARGAS
2021-0035,1,2021-05-03,9.0,AVENIDA,8.0,Point (101547.14246919 96946.08308197),-58.44642231,-34.65679806,CARGAS
2021-0036,1,2021-05-09,6.0,GRAL PAZ,11.0,Point (94486.28631712 103468.59928582),-58.52340614,-34.59798754,OBJETO FIJO
2021-0037,1,2021-05-11,7.0,AVENIDA,13.0,Point (99707.12636872 107441.30935745),-58.46649069,-34.56219075,PASAJEROS
2021-0038,1,2021-05-14,11.0,AVENIDA,14.0,Point (103373.45116327 105668.33246254),-58.42653328,-34.57816791,CARGAS
2021-0039,1,2021-05-15,12.0,AVENIDA,9.0,Point (96262.45081883 97363.01985851),-58.50407099,-34.65303372,AUTO
2021-0040,1,2021-05-20,5.0,GRAL PAZ,13.0,Point (99620.34936816 110483.29286598),-58.46743471,-34.53476874,AUTO
2021-0041,1,2021-05-20,8.0,AVENIDA,14.0,Point (104902.75332390 105766.08933002),-58.40986646,-34.5772806,PASAJEROS
2021-0042,1,2021-05-21,5.0,AVENIDA,9.0,Point (95040.52119933 98883.98738744),-58.51739138,-34.63931792,PASAJEROS
2021-0043,1,2021-05-22,18.0,AVENIDA,9.0,Point (95975.76718859 97082.39835843),-58.50719962,-34.65556223,AUTO
2021-0044,1,2021-05-25,2.0,AVENIDA,9.0,Point (99649.49576145 98143.82203448),-58.46712311,-34.64600222,OBJETO FIJO
2021-0045,1,2021-05-26,17.0,AUTOPISTA,4.0,Point (107903.91828587 98767.43091425),-58.37709334,-34.64035082,MULTIPLE
2021-0046,1,2021-05-31,2.0,AVENIDA,15.0,Point (100272.31336486 104833.49710745),-58.46033141,-34.58569883,OBJETO FIJO
2021-0047,1,2021-06-02,16.0,AVENIDA,4.0,Point (103794.38334006 96997.15780313),-58.42190745,-34.65633192,AUTO
2021-0048,1,2021-06-03,9.0,AVENIDA,12.0,Point (97525.48112402 106595.29222041),-58.49026573,-34.5698141,AUTO
2021-0049,1,2021-06-03,20.0,AVENIDA,8.0,Point (100842.91519469 95589.55734164),-58.45410344,-34.66902702,AUTO
2021-0050,1,2021-06-10,13.0,AVENIDA,13.0,Point (101448.53024105 107994.96785043),-58.44751621,-34.55719892,PASAJEROS
2021-0051,1,2021-06-15,19.0,AVENIDA,4.0,Point (103932.07299582 96584.44861459),-58.42040352,-34.66005171,CARGAS
2021-0052,1,2021-06-20,5.0,GRAL PAZ,8.0,Point (97067.24775528 94359.84584291),-58.49530249,-34.68010798,OBJETO FIJO
2021-0053,1,2021-06-20,12.0,AVENIDA,15.0,Point (101770.58108820 103826.64826158),-58.44399875,-34.5947736,BICICLETA
2021-0054,1,2021-06-22,14.0,CALLE,4.0,Point (103272.79484249 97185.20508662),-58.42759813,-34.65463857,CARGAS
2021-0055,1,2021-06-29,12.0,AVENIDA,3.0,Point (105304.23090859 102739.35602688),-58.40547222,-34.60456293,CARGAS
2021-0056,1,2021-07-09,23.0,AVENIDA,4.0,Point (103535.89012020 97690.49979847),-58.42473018,-34.6500828,AUTO
2021-0057,1,2021-07-10,23.0,AUTOPISTA,2.0,Point (106489.89755339 105947.16700228),-58.39257023,-34.57563957,OBJETO FIJO
2021-0058,1,2021-07-21,0.0,GRAL PAZ,12.0,Point (97603.26759351 109241.33811464),-58.48941042,-34.54596153,AUTO
2021-0059,1,2021-07-22,1.0,AVENIDA,3.0,Point (106134.00626590 100157.65420238),-58.3964074,-34.62783085,OBJETO FIJO
2021-0060,1,2021-07-22,12.0,AVENIDA,5.0,Point (103997.04813615 102012.34139150),-58.41971993,-34.6111224,PASAJEROS
2021-0061,1,2021-07-24,9.0,AVENIDA,4.0,Point (105303.77662691 97684.64886839),-58.40544588,-34.65012801,CARGAS
2021-0062,1,2021-07-27,7.0,AVENIDA,4.0,Point (103966.14093695 98092.26779856),-58.42003882,-34.64645957,CARGAS
2021-0063,1,2021-08-02,4.0,AVENIDA,7.0,Point (99521.99764944 99532.20302798),-58.46851293,-34.63348678,AUTO
2021-0064,1,2021-08-02,20.0,GRAL PAZ,9.0,Point (93948.70282497 97229.16264548),-58.52931141,-34.65422917,CARGAS
2021-0065,1,2021-08-06,8.0,AVENIDA,6.0,Point (103350.94520286 100251.53397151),-58.42675754,-34.6269973,PASAJEROS
2021-0066,1,2021-08-06,20.0,AVENIDA,11.0,Point (93943.16495967 102026.75338495),-58.52933723,-34.61098186,PASAJEROS
2021-0067,1,2021-08-08,9.0,AUTOPISTA,1.0,Point (107720.23994349 100176.85080944),-58.37910943,-34.62764718,OBJETO FIJO
2021-0068,1,2021-08-15,6.0,AVENIDA,11.0,Point (94651.77324467 101953.65862250),-58.52161176,-34.61164474,OBJETO FIJO
2021-0069,1,2021-08-20,17.0,AVENIDA,14.0,Point (104564.52859898 104690.63252497),-58.41354692,-34.5869768,AUTO
2021-0070,1,2021-08-28,8.0,AVENIDA,8.0,Point (102171.86474787 97177.81588434),-58.43960781,-34.65470804,CARGAS
2021-0071,1,2021-08-31,16.0,CALLE,3.0,Point (105389.46943359 103241.39184079),-58.4045461,-34.60003693,MOTO
2021-0072,1,2021-09-01,19.0,AVENIDA,2.0,Point (106445.10866138 103387.80115442),-58.39303911,-34.59871111,AUTO
2021-0073,1,2021-09-18,12.0,AVENIDA,2.0,Point (106366.2976627 105013.87298990),-58.39391034,-34.58405348,AUTO
2021-0074,1,2021-09-20,15.0,GRAL PAZ,12.0,Point (96563.66494817 108815.73881056),-58.5007381,-34.5497951,MULTIPLE
2021-0075,1,2021-09-21,14.0,CALLE,1.0,Point (107380.60401316 100153.47427104),-58.38281301,-34.62786038,CARGAS
2021-0076,1,2021-10-16,6.0,AVENIDA,7.0,Point (102153.60977503 97595.73281258),-58.43980799,-34.65094083,OBJETO FIJO
2021-0077,1,2021-10-18,7.0,AVENIDA,6.0,Point (101767.56647933 99993.06655411),-58.44402387,-34.62933109,CARGAS
2021-0078,1,2021-10-23,6.0,AVENIDA,6.0,Point (103255.81315650 100797.78656418),-58.42779702,-34.62207347,PASAJEROS
2021-0079,1,2021-10-25,3.0,CALLE,3.0,Point (104940.36054625 103137.08602294),-58.40944147,-34.60097942,AUTO
2021-0080,1,2021-10-28,16.0,AVENIDA,1.0,Point (107387.05825032 103876.26437289),-58.38277479,-34.5943016,AUTO
2021-0081,1,2021-11-02,13.0,AUTOPISTA,4.0,Point (107979.30419282 99027.13636949),-58.37627355,-34.63800916,CARGAS
2021-0082,1,2021-11-06,4.0,AUTOPISTA,3.0,Point (106179.07517962 100523.29161457),-58.39591856,-34.62453459,AUTO
2021-0083,1,2021-11-09,0.0,AVENIDA,13.0,Point (100459.06991201 107666.84775309),-58.45829717,-34.56015762,AUTO
2021-0084,1,2021-11-11,3.0,AVENIDA,9.0,Point (97421.40293646 98160.56984338),-58.49142611,-34.64584795,OBJETO FIJO
2021-0085,1,2021-11-20,18.0,GRAL PAZ,12.0,Point (95465.98721454 105701.33171467),-58.51271409,-34.57786555,OBJETO FIJO
2021-0086,1,2021-11-25,10.0,AVENIDA,6.0,Point (101343.57441195 100636.86479169),-58.44864864,-34.62352826,PASAJEROS
2021-0087,1,2021-11-27,11.0,CALLE,1.0,Point (107829.16426745 104166.84427133),-58.37795815,-34.59167894,BICICLETA
2021-0088,1,2021-12-01,15.0,CALLE,13.0,Point (100732.60222975 108177.68150062),-58.45531707,-34.55555257,AUTO
2021-0089,1,2021-12-02,1.0,AVENIDA,11.0,Point (98804.41713890 100872.30706871),-58.47633683,-34.62140594,AUTO
2021-0090,1,2021-12-10,11.0,AVENIDA,1.0,Point (107467.87595573 102960.02837514),-58.38188582,-34.60256036,PASAJEROS
2021-0091,1,2021-12-11,23.0,CALLE,10.0,Point (94810.03686085 100710.80080255),-58.51989389,-34.62284918,AUTO
2021-0092,1,2021-12-12,6.0,AVENIDA,3.0,Point (105258.35368554 102122.93231400),-58.4059686,-34.61011987,AUTO
2021-0093,1,2021-12-13,17.0,AVENIDA,7.0,Point (102728.60090138 98186.24929177),-58.43353773,-34.64561636,AUTO
2021-0094,1,2021-12-20,1.0,AUTOPISTA,9.0,Point (99624.29795829 97569.69801131),-58.46739825,-34.65117757,AUTO
2021-0095,1,2021-12-30,0.0,AVENIDA,11.0,Point (99116.45492358 101045.23284826),-58.47293407,-34.61984745,CARGAS
2021-0096,1,2021-12-15,10.0,AVENIDA,9.0,Point (99324.54463985 97676.26932409),-58.47066794,-34.65021673,CARGAS
2021-0097,1,2021-11-18,6.0,CALLE,1.0,Point (107664.16647795 104708.63962087),-58.37976155,-34.58679619,AUTO
